periodo_do_dia,tipo_usuario,prioridade_energia,nivel_duracao,energia_consumida_kwh_int,sessoes_por_dia,duracao_horas,energia_kwh
Noite,Frotas,Media,Muito curta,22,14,1.48,22.49
Manha,Publico,Media,Media,21,6,9.69,20.87
Manha,Residencial,Media,Curta,23,13,4.13,22.64
Tarde,Publico,Media,Muito curta,18,2,0.2,17.59
Noite,Frotas,Media,Muito curta,26,3,0.93,26.47
Manha,Residencial,Media,Muito curta,21,1,0.64,21.2
Manha,Comercial,Alta,Curta,50,1,2.22,50.09
Madrugada,Residencial,Media,Curta,22,4,3.07,21.7
Noite,Comercial,Media,Curta,11,7,3.51,10.87
Manha,Residencial,Alta,Muito curta,49,1,1.03,49.0
Tarde,Publico,Alta,Curta,46,5,3.83,46.13
Manha,Comercial,Alta,Muito curta,35,14,1.24,34.77
Manha,Comercial,Alta,Curta,33,12,2.29,32.79
Madrugada,Residencial,Alta,Muito curta,46,7,0.81,46.04
Manha,Publico,Baixa,Media,6,9,7.54,5.96
Manha,Publico,Baixa,Media,7,8,8.31,6.87
Tarde,Residencial,Media,Muito curta,17,4,1.27,17.22
Noite,Residencial,Alta,Muito curta,57,5,1.09,56.75
Manha,Comercial,Alta,Muito curta,35,12,0.25,35.47
Manha,Residencial,Alta,Muito curta,54,3,1.21,54.05
Noite,Comercial,Alta,Media,46,3,8.46,45.64
Madrugada,Frotas,Alta,Media,33,4,6.1,33.15
Noite,Publico,Alta,Curta,56,11,3.41,55.85
Madrugada,Residencial,Alta,Muito curta,38,1,1.21,38.09
Tarde,Publico,Alta,Curta,47,6,3.23,47.26
Tarde,Residencial,Alta,Muito curta,40,2,0.2,40.45
Madrugada,Residencial,Alta,Muito curta,31,10,0.55,30.91
Tarde,Residencial,Media,Muito curta,24,14,0.2,23.65
Noite,Frotas,Media,Muito curta,20,14,0.93,20.46
Manha,Publico,Baixa,Media,3,10,7.43,3.46
Manha,Residencial,Alta,Muito curta,46,1,1.46,46.37
Noite,Comercial,Alta,Media,36,7,6.28,36.46
Manha,Frotas,Alta,Muito curta,33,5,0.78,32.52
Manha,Publico,Baixa,Muito curta,4,7,0.68,3.77
Manha,Frotas,Alta,Muito curta,37,1,0.93,36.72
Manha,Residencial,Media,Muito curta,17,4,1.76,16.65
Tarde,Residencial,Media,Muito curta,12,1,1.69,11.82
Manha,Residencial,Media,Curta,26,7,4.05,26.4
Tarde,Residencial,Baixa,Muito curta,6,16,0.2,6.34
Manha,Residencial,Media,Curta,26,4,3.63,26.47
Tarde,Residencial,Alta,Media,44,4,5.77,44.12
Noite,Comercial,Alta,Media,44,7,6.61,43.92
Tarde,Comercial,Media,Curta,25,2,2.12,24.54
Madrugada,Residencial,Alta,Longa,59,2,12.15,58.55
Tarde,Residencial,Media,Muito curta,15,3,0.98,15.14
Madrugada,Publico,Alta,Muito curta,44,7,1.59,44.2
Noite,Frotas,Alta,Longa,31,3,15.28,30.51
Manha,Frotas,Alta,Media,43,3,7.01,43.1
Tarde,Residencial,Alta,Media,40,12,8.92,40.13
Noite,Residencial,Alta,Media,60,1,5.93,60.0
Noite,Frotas,Baixa,Muito curta,0,11,1.43,0.5
Tarde,Comercial,Media,Media,14,7,5.16,14.04
Manha,Publico,Baixa,Media,5,5,5.38,5.27
Tarde,Publico,Media,Curta,24,14,3.58,24.16
Madrugada,Publico,Alta,Curta,55,10,2.72,55.46
Tarde,Residencial,Media,Muito curta,17,3,0.45,17.48
Tarde,Comercial,Media,Curta,16,5,4.95,16.15
Noite,Comercial,Alta,Muito curta,55,2,0.81,55.14
Manha,Comercial,Alta,Muito curta,44,1,0.59,43.59
Madrugada,Comercial,Media,Longa,22,6,13.17,21.99
Noite,Comercial,Alta,Media,45,6,6.81,44.93
Madrugada,Comercial,Media,Media,23,1,6.41,22.58
Manha,Residencial,Media,Curta,15,6,2.78,14.95
Noite,Residencial,Alta,Muito curta,43,9,1.83,43.49
Manha,Residencial,Media,Muito curta,19,11,1.38,18.57
Madrugada,Comercial,Media,Curta,12,9,2.38,12.4
Manha,Residencial,Media,Curta,19,3,2.49,18.94
Tarde,Residencial,Baixa,Muito curta,2,5,0.71,2.4
Tarde,Residencial,Alta,Muito curta,46,12,1.81,46.4
Manha,Frotas,Media,Muito curta,12,4,1.36,12.43
Madrugada,Publico,Media,Muito curta,12,4,1.48,11.6
Manha,Publico,Baixa,Media,8,7,6.68,7.98
Noite,Comercial,Alta,Curta,45,2,2.79,44.64
Manha,Frotas,Alta,Muito curta,58,12,1.76,57.8
Madrugada,Residencial,Media,Curta,21,4,3.14,21.0
Manha,Residencial,Alta,Muito curta,46,4,1.41,46.3
Tarde,Residencial,Alta,Media,39,2,6.26,38.68
Manha,Publico,Baixa,Curta,6,9,4.53,5.62
Manha,Residencial,Baixa,Curta,2,4,3.77,2.17
Tarde,Comercial,Alta,Muito curta,36,8,1.51,36.05
Manha,Frotas,Alta,Muito curta,34,5,0.2,34.33
Noite,Publico,Baixa,Muito curta,0,6,0.2,0.5
Madrugada,Comercial,Media,Media,15,16,7.91,15.34
Manha,Publico,Alta,Curta,50,16,2.96,49.83
Madrugada,Residencial,Alta,Muito curta,47,11,1.29,46.71
Manha,Comercial,Alta,Media,58,13,5.56,57.99
Manha,Publico,Alta,Curta,45,13,4.52,44.86
Manha,Residencial,Media,Curta,28,16,4.95,27.67
Tarde,Residencial,Alta,Media,46,13,5.85,45.64
Tarde,Frotas,Baixa,Media,6,14,9.34,5.58
Tarde,Residencial,Alta,Muito curta,56,1,1.14,56.47
Noite,Residencial,Alta,Muito curta,43,8,1.18,43.06
Manha,Frotas,Media,Muito curta,28,7,1.09,28.38
Noite,Comercial,Alta,Curta,43,3,2.8,43.31
Manha,Residencial,Baixa,Curta,4,7,3.33,3.55
Madrugada,Comercial,Media,Longa,27,4,11.57,27.05
Tarde,Comercial,Media,Media,27,3,6.5,26.71
Tarde,Comercial,Media,Curta,22,2,2.18,22.03
Tarde,Publico,Media,Muito curta,17,1,1.64,17.13
Tarde,Residencial,Alta,Media,38,14,5.89,38.11
Tarde,Residencial,Media,Muito curta,18,5,1.49,17.56
Manha,Publico,Media,Curta,20,10,4.88,20.47
Manha,Residencial,Media,Curta,24,15,4.84,24.09
Madrugada,Comercial,Media,Longa,25,7,13.47,24.75
Noite,Comercial,Media,Curta,25,9,3.0,24.91
Madrugada,Publico,Alta,Muito curta,54,9,1.83,53.55
Manha,Comercial,Baixa,Media,4,7,5.81,3.58
Tarde,Comercial,Alta,Media,32,1,5.01,32.12
Madrugada,Residencial,Alta,Curta,35,1,3.19,34.57
Tarde,Residencial,Media,Curta,22,2,3.08,22.21
Tarde,Publico,Alta,Muito curta,43,14,1.14,42.87
Tarde,Publico,Baixa,Muito curta,3,9,0.8,3.0
Manha,Residencial,Media,Muito curta,17,6,1.82,17.47
Tarde,Comercial,Media,Curta,23,12,3.53,23.29
Tarde,Residencial,Alta,Muito curta,36,2,1.64,36.17
Madrugada,Residencial,Alta,Longa,58,2,12.12,57.63
Tarde,Frotas,Baixa,Media,4,11,8.07,3.69
Tarde,Residencial,Alta,Muito curta,37,4,1.75,37.04
Manha,Residencial,Alta,Muito curta,49,9,0.29,48.89
Madrugada,Residencial,Alta,Muito curta,39,1,0.59,38.64
Tarde,Residencial,Baixa,Muito curta,6,14,1.82,6.07
Manha,Frotas,Media,Muito curta,14,4,0.86,14.27
Madrugada,Comercial,Media,Media,17,10,5.48,17.18
Manha,Residencial,Alta,Curta,52,11,3.54,51.6
Manha,Comercial,Media,Media,22,15,8.58,22.29
Manha,Frotas,Media,Muito curta,16,4,1.37,15.99
Manha,Residencial,Media,Curta,28,5,3.4,28.2
Tarde,Publico,Media,Muito curta,17,1,0.6,16.82
Tarde,Comercial,Alta,Muito curta,52,3,1.54,51.98
Manha,Comercial,Alta,Muito curta,40,6,0.75,39.73
Tarde,Comercial,Media,Media,25,3,5.14,24.71
Noite,Comercial,Alta,Media,53,12,5.45,52.95
Manha,Residencial,Media,Muito curta,21,7,0.29,20.62
Tarde,Frotas,Media,Muito curta,12,15,1.48,11.5
Manha,Publico,Media,Media,16,9,5.43,16.04
Tarde,Residencial,Alta,Muito curta,41,1,0.2,40.7
Manha,Residencial,Alta,Muito curta,54,9,1.52,54.48
Manha,Residencial,Alta,Muito curta,57,9,1.27,56.7
Madrugada,Frotas,Alta,Media,32,6,5.85,32.15
Noite,Residencial,Alta,Curta,56,5,2.14,56.39
Manha,Residencial,Alta,Muito curta,56,3,1.57,55.65
Madrugada,Residencial,Alta,Muito curta,39,1,0.2,39.4
Madrugada,Publico,Baixa,Curta,4,5,3.6,4.46
Tarde,Comercial,Media,Curta,29,1,5.0,29.36
Manha,Frotas,Alta,Muito curta,35,1,0.78,35.02
Manha,Publico,Media,Longa,23,9,10.93,23.43
Tarde,Comercial,Alta,Muito curta,56,2,0.82,55.83
Tarde,Residencial,Alta,Curta,46,10,2.61,46.22
Manha,Comercial,Alta,Muito curta,32,12,1.65,32.14
Noite,Residencial,Alta,Muito curta,58,3,1.6,58.32
Noite,Comercial,Media,Curta,28,8,2.08,28.24
Noite,Residencial,Baixa,Media,8,11,7.38,7.91
Noite,Residencial,Baixa,Media,8,15,9.23,7.93
Madrugada,Residencial,Alta,Longa,60,2,11.49,59.75
Manha,Publico,Alta,Longa,55,4,13.24,54.72
Noite,Residencial,Alta,Curta,50,5,3.04,50.5
Manha,Comercial,Alta,Media,44,12,7.29,43.85
Noite,Frotas,Baixa,Curta,10,5,2.93,9.5
Manha,Residencial,Media,Muito curta,21,11,1.6,20.61
Tarde,Residencial,Alta,Curta,44,8,3.28,44.21
Manha,Residencial,Alta,Curta,45,3,3.23,44.6
Tarde,Residencial,Alta,Muito curta,34,5,1.97,33.59
Madrugada,Publico,Alta,Curta,41,7,2.25,41.22
Noite,Comercial,Alta,Muito curta,54,1,0.74,54.13
Tarde,Frotas,Alta,Curta,43,10,3.71,43.29
Tarde,Residencial,Alta,Curta,46,10,2.47,45.54
Noite,Frotas,Media,Muito curta,19,16,1.59,18.95
Noite,Comercial,Media,Curta,24,9,3.76,23.72
Tarde,Publico,Alta,Curta,48,4,2.88,48.38
Noite,Comercial,Alta,Media,44,1,9.14,44.17
Noite,Comercial,Alta,Media,35,5,7.53,35.29
Manha,Comercial,Alta,Muito curta,44,3,1.64,44.0
Tarde,Publico,Alta,Curta,48,7,3.49,48.27
Tarde,Residencial,Media,Curta,12,1,2.27,12.2
Noite,Publico,Baixa,Muito curta,1,4,0.72,1.34
Madrugada,Residencial,Alta,Longa,58,3,11.24,58.37
Madrugada,Residencial,Baixa,Muito curta,9,10,1.99,8.66
Manha,Residencial,Alta,Muito curta,57,8,0.97,56.93
Manha,Comercial,Alta,Curta,55,1,3.81,54.93
Tarde,Publico,Alta,Curta,45,6,3.68,44.69
Tarde,Comercial,Alta,Muito curta,51,10,1.41,51.47
Tarde,Residencial,Alta,Media,43,1,5.73,42.56
Manha,Residencial,Media,Curta,21,9,2.1,20.86
Manha,Publico,Media,Curta,22,7,3.3,21.89
Tarde,Residencial,Baixa,Curta,4,2,2.29,3.63
Tarde,Publico,Media,Muito curta,23,3,0.85,22.6
Noite,Comercial,Alta,Curta,47,4,3.02,47.32
Tarde,Residencial,Alta,Muito curta,38,3,1.47,37.53
Noite,Residencial,Media,Curta,20,1,2.13,19.67
Manha,Residencial,Alta,Muito curta,58,5,0.64,58.43
Madrugada,Publico,Alta,Curta,55,8,3.24,55.05
Tarde,Residencial,Media,Curta,28,13,4.45,28.24
Manha,Comercial,Alta,Muito curta,45,1,1.18,45.01
Noite,Comercial,Baixa,Curta,4,16,2.44,3.83
Noite,Publico,Alta,Curta,57,10,2.53,57.31
Tarde,Comercial,Media,Curta,28,13,2.06,27.89
Tarde,Comercial,Media,Curta,30,3,4.97,29.85
Madrugada,Residencial,Baixa,Muito curta,6,12,1.08,5.87
Madrugada,Frotas,Alta,Media,32,8,5.85,32.27
Noite,Frotas,Baixa,Muito curta,1,10,1.63,1.35
Noite,Frotas,Media,Curta,22,12,2.43,22.5
Manha,Publico,Baixa,Muito curta,5,6,0.32,4.82
Madrugada,Residencial,Alta,Muito curta,49,4,0.2,48.58
Noite,Residencial,Baixa,Muito curta,10,3,1.32,9.77
Madrugada,Publico,Media,Muito curta,15,3,0.67,14.61
Tarde,Publico,Media,Muito curta,22,8,0.2,22.15
Manha,Residencial,Alta,Media,31,10,7.84,30.78
Madrugada,Residencial,Alta,Muito curta,48,14,1.9,47.81
Noite,Comercial,Media,Media,27,5,6.81,26.55
Noite,Comercial,Alta,Curta,51,13,4.93,51.12
Manha,Frotas,Alta,Muito curta,31,1,1.02,31.49
Tarde,Residencial,Alta,Muito curta,57,5,1.37,57.3
Tarde,Residencial,Baixa,Muito curta,4,3,1.97,3.53
Manha,Residencial,Alta,Muito curta,58,5,0.86,57.93
Madrugada,Comercial,Media,Longa,21,6,13.24,21.39
Madrugada,Comercial,Media,Media,12,10,6.72,12.11
Tarde,Frotas,Alta,Longa,32,3,11.32,31.54
Manha,Frotas,Media,Muito curta,25,3,0.78,24.8
Manha,Frotas,Alta,Media,47,4,5.61,47.23
Noite,Frotas,Baixa,Curta,0,11,2.33,0.5
Manha,Residencial,Alta,Muito curta,44,9,0.5,44.13
Madrugada,Publico,Alta,Curta,39,10,3.75,38.86
Madrugada,Residencial,Alta,Longa,55,6,10.55,54.96
Tarde,Residencial,Alta,Media,39,11,8.85,39.01
Manha,Publico,Baixa,Media,8,10,8.2,8.13
Noite,Comercial,Alta,Media,42,1,9.85,41.88
Manha,Frotas,Media,Muito curta,26,5,1.42,26.05
Madrugada,Comercial,Media,Curta,14,11,3.45,14.03
Madrugada,Residencial,Alta,Curta,47,13,2.34,47.47
Tarde,Residencial,Alta,Muito curta,55,1,1.1,54.83
Tarde,Publico,Baixa,Curta,5,1,2.28,5.4
Noite,Frotas,Alta,Curta,36,11,2.07,35.82
Manha,Publico,Media,Curta,21,9,2.76,21.44
Noite,Residencial,Baixa,Curta,6,10,4.57,6.19
Noite,Residencial,Alta,Muito curta,41,7,0.71,41.05
Tarde,Comercial,Alta,Curta,43,10,2.32,42.72
Tarde,Publico,Media,Curta,23,13,3.55,23.44
Madrugada,Publico,Media,Muito curta,15,5,0.85,15.3
Noite,Comercial,Media,Media,25,9,6.38,25.47
Noite,Comercial,Alta,Media,45,6,7.2,44.59
Manha,Residencial,Alta,Curta,52,13,2.87,51.97
Madrugada,Publico,Alta,Curta,56,10,3.29,55.82
Noite,Frotas,Alta,Muito curta,44,12,1.32,44.02
Manha,Publico,Baixa,Muito curta,4,7,0.93,3.64
Manha,Comercial,Alta,Media,47,13,6.86,47.29
Madrugada,Residencial,Alta,Curta,33,2,3.12,33.09
Manha,Comercial,Alta,Curta,33,15,2.02,32.51
Madrugada,Comercial,Media,Media,29,1,5.18,29.19
Tarde,Residencial,Alta,Media,40,5,5.51,39.68
Manha,Publico,Baixa,Media,4,10,7.52,4.38
Tarde,Comercial,Alta,Curta,30,1,3.8,30.21
Madrugada,Residencial,Media,Curta,19,7,3.69,18.89
Manha,Residencial,Media,Curta,29,16,4.68,28.55
Tarde,Publico,Media,Muito curta,21,7,1.76,21.2
Tarde,Publico,Media,Curta,21,16,2.41,20.58
Madrugada,Residencial,Alta,Muito curta,38,1,1.01,38.25
Madrugada,Residencial,Alta,Curta,49,12,2.68,49.47
Noite,Residencial,Baixa,Media,8,12,8.44,7.58
Manha,Comercial,Alta,Media,60,14,5.27,59.78
Manha,Frotas,Media,Muito curta,12,2,1.46,11.6
Noite,Comercial,Baixa,Muito curta,5,4,0.2,4.59
Manha,Residencial,Alta,Curta,55,11,3.45,55.39
Madrugada,Comercial,Alta,Curta,56,1,3.73,56.15
Madrugada,Publico,Alta,Muito curta,47,4,1.85,47.03
Tarde,Residencial,Media,Curta,28,13,4.48,27.59
Noite,Residencial,Baixa,Media,6,9,5.7,6.09
Madrugada,Residencial,Alta,Curta,35,2,2.97,34.53
Manha,Frotas,Alta,Media,44,3,5.93,44.26
Manha,Frotas,Alta,Muito curta,32,1,0.42,31.69
Manha,Residencial,Alta,Muito curta,54,5,0.32,53.83
Tarde,Comercial,Alta,Curta,50,1,2.28,49.7
Madrugada,Publico,Baixa,Curta,9,6,2.43,9.02
Noite,Comercial,Baixa,Curta,8,7,2.43,8.16
Manha,Residencial,Alta,Muito curta,45,6,0.29,45.04
Manha,Publico,Media,Curta,24,5,4.99,23.52
Tarde,Comercial,Media,Media,27,2,6.86,27.3
Noite,Residencial,Alta,Muito curta,60,4,0.53,59.74
Madrugada,Comercial,Alta,Curta,52,1,3.95,52.07
Noite,Publico,Baixa,Muito curta,4,3,0.73,3.7
Manha,Comercial,Alta,Muito curta,49,1,1.38,48.58
Tarde,Publico,Baixa,Muito curta,3,10,0.5,2.72
Manha,Publico,Media,Media,20,10,5.03,20.4
Tarde,Comercial,Alta,Media,39,5,6.28,38.78
Noite,Frotas,Baixa,Muito curta,2,7,1.62,2.25
Tarde,Residencial,Alta,Muito curta,52,3,0.39,52.29
Manha,Comercial,Alta,Muito curta,36,13,0.75,35.71
Manha,Comercial,Alta,Curta,41,1,2.14,41.08
Tarde,Publico,Alta,Curta,47,4,3.22,47.23
Manha,Comercial,Alta,Media,60,14,5.55,60.0
Manha,Publico,Alta,Longa,56,8,13.67,55.53
Tarde,Frotas,Baixa,Media,4,12,8.97,3.7
Noite,Publico,Alta,Curta,56,7,2.8,56.22
Manha,Frotas,Media,Muito curta,13,4,1.38,13.2
Manha,Comercial,Alta,Muito curta,37,8,1.88,37.35
Madrugada,Frotas,Media,Media,29,6,5.87,29.28
Noite,Residencial,Alta,Muito curta,43,8,0.74,42.73
Noite,Frotas,Media,Muito curta,20,13,1.55,20.26
Tarde,Publico,Media,Muito curta,15,4,0.37,14.85
Noite,Frotas,Baixa,Muito curta,7,11,1.43,6.67
Manha,Residencial,Alta,Muito curta,57,4,0.37,57.33
Noite,Comercial,Baixa,Curta,5,16,2.05,4.75
Manha,Comercial,Alta,Muito curta,48,1,0.61,48.22
Tarde,Residencial,Alta,Muito curta,57,4,0.76,57.23
Madrugada,Residencial,Media,Curta,15,8,2.45,14.51
Manha,Residencial,Baixa,Curta,0,4,3.47,0.5
Manha,Residencial,Alta,Curta,54,11,2.5,53.9
Madrugada,Comercial,Media,Longa,26,8,12.78,26.17
Tarde,Comercial,Media,Media,15,5,5.14,14.84
Noite,Publico,Baixa,Muito curta,0,2,0.52,0.5
Manha,Residencial,Media,Media,29,10,8.53,28.75
Manha,Publico,Media,Media,18,11,5.6,17.8
Noite,Frotas,Alta,Curta,43,12,3.07,43.26
Madrugada,Comercial,Baixa,Curta,6,15,2.8,5.66
Tarde,Publico,Alta,Muito curta,42,16,1.09,42.49
Madrugada,Comercial,Media,Media,16,13,5.81,16.46
Noite,Residencial,Media,Curta,21,13,3.15,20.66
Madrugada,Residencial,Alta,Curta,48,14,2.59,47.69
Manha,Residencial,Media,Muito curta,20,10,1.2,19.63
Tarde,Residencial,Media,Muito curta,16,4,0.89,15.62
Tarde,Comercial,Alta,Media,39,2,7.42,39.16
Tarde,Comercial,Media,Curta,15,8,4.94,15.06
Tarde,Comercial,Alta,Muito curta,34,8,1.61,33.71
Madrugada,Publico,Alta,Muito curta,40,11,1.99,40.35
Madrugada,Residencial,Alta,Muito curta,50,13,1.38,49.83
Noite,Residencial,Alta,Muito curta,60,7,0.56,59.77
Tarde,Residencial,Alta,Muito curta,56,2,1.08,55.68
Noite,Residencial,Alta,Muito curta,51,8,1.85,50.77
Manha,Residencial,Media,Muito curta,21,8,1.24,21.01
Noite,Residencial,Alta,Muito curta,40,8,1.26,40.34
Tarde,Comercial,Alta,Muito curta,54,9,1.02,53.82
Manha,Residencial,Alta,Curta,52,15,3.17,52.11
Manha,Comercial,Media,Media,25,13,8.53,25.26
Manha,Comercial,Alta,Muito curta,37,13,0.52,36.77
Manha,Comercial,Alta,Curta,58,1,3.36,57.94
Tarde,Residencial,Media,Media,26,8,8.75,26.43
Manha,Publico,Media,Longa,25,6,10.33,25.35
Noite,Residencial,Baixa,Muito curta,9,1,0.53,9.06
Madrugada,Residencial,Media,Curta,20,7,3.57,20.39
Noite,Publico,Baixa,Muito curta,0,2,0.2,0.5
Madrugada,Residencial,Alta,Muito curta,57,9,0.2,56.57
Manha,Publico,Media,Media,20,11,5.77,19.64
Manha,Comercial,Media,Media,25,12,7.37,25.2
Noite,Frotas,Baixa,Muito curta,0,7,1.69,0.5
Noite,Residencial,Media,Muito curta,12,1,1.7,12.08
Tarde,Publico,Media,Curta,21,14,3.04,21.07
Madrugada,Residencial,Alta,Muito curta,39,1,0.89,39.08
Noite,Comercial,Baixa,Muito curta,4,16,1.55,4.14
Tarde,Residencial,Alta,Media,48,10,6.65,47.73
Madrugada,Publico,Media,Muito curta,14,7,0.6,13.63
Tarde,Comercial,Alta,Muito curta,51,1,1.96,50.65
Manha,Residencial,Media,Curta,23,7,4.53,23.47
Manha,Comercial,Alta,Media,60,15,6.73,60.0
Noite,Comercial,Baixa,Curta,2,16,2.57,1.53
Madrugada,Frotas,Alta,Media,30,7,6.11,30.25
Manha,Residencial,Alta,Muito curta,36,16,0.71,36.42
Noite,Comercial,Media,Curta,14,8,3.16,14.05
Manha,Comercial,Baixa,Media,4,7,6.26,4.03
Noite,Residencial,Alta,Muito curta,60,5,1.37,60.0
Noite,Residencial,Alta,Muito curta,40,8,1.37,39.97
Manha,Publico,Baixa,Media,5,6,7.71,5.17
Manha,Publico,Baixa,Muito curta,4,7,0.2,3.71
Tarde,Frotas,Baixa,Media,6,14,7.97,5.74
Tarde,Comercial,Media,Media,24,1,5.86,24.16
Manha,Frotas,Alta,Media,43,3,6.35,43.15
Madrugada,Frotas,Alta,Media,31,5,6.46,31.07
Madrugada,Residencial,Alta,Muito curta,48,5,0.5,48.39
Madrugada,Comercial,Media,Curta,12,9,3.32,12.45
Tarde,Comercial,Alta,Curta,42,10,3.02,42.34
Madrugada,Publico,Alta,Muito curta,47,6,1.91,46.93
Manha,Residencial,Alta,Muito curta,55,12,1.09,55.44
Tarde,Residencial,Alta,Muito curta,52,2,1.45,52.13
Noite,Frotas,Baixa,Curta,6,7,2.8,5.92
Tarde,Publico,Media,Muito curta,17,2,0.98,16.54
Tarde,Residencial,Alta,Media,40,4,5.64,40.24
Madrugada,Residencial,Media,Muito curta,10,7,1.83,10.11
Noite,Frotas,Media,Longa,26,5,15.57,26.08
Tarde,Residencial,Alta,Muito curta,40,4,0.21,40.42
Manha,Residencial,Alta,Muito curta,56,10,1.32,56.04
Manha,Comercial,Alta,Curta,44,3,4.7,44.43
Madrugada,Residencial,Media,Muito curta,29,10,0.2,29.01
Manha,Residencial,Alta,Muito curta,57,2,0.78,56.69
Manha,Residencial,Media,Curta,26,7,3.03,26.06
Manha,Residencial,Media,Curta,30,4,4.65,29.6
Madrugada,Comercial,Alta,Curta,53,2,3.19,53.01
Manha,Residencial,Alta,Muito curta,48,8,1.51,48.04
Manha,Frotas,Alta,Muito curta,31,1,1.22,31.19
Manha,Frotas,Media,Muito curta,25,4,0.48,24.7
Tarde,Comercial,Media,Media,15,5,5.29,14.55
Tarde,Residencial,Media,Curta,21,4,2.69,20.72
Tarde,Residencial,Media,Muito curta,12,1,1.83,12.14
Madrugada,Residencial,Alta,Curta,31,10,3.23,31.23
Manha,Publico,Alta,Longa,55,8,13.38,54.89
Tarde,Publico,Baixa,Muito curta,6,1,1.84,5.89
Noite,Frotas,Alta,Longa,31,4,15.64,30.55
Noite,Frotas,Alta,Muito curta,52,3,0.2,52.34
Tarde,Frotas,Baixa,Media,9,15,8.51,8.82
Manha,Comercial,Alta,Muito curta,45,1,1.83,44.97
Manha,Residencial,Alta,Muito curta,38,15,0.2,38.32
Tarde,Comercial,Alta,Muito curta,34,11,0.2,33.94
Manha,Frotas,Media,Muito curta,15,7,0.2,14.64
Manha,Comercial,Media,Media,26,14,7.39,25.65
Manha,Residencial,Alta,Muito curta,46,6,0.7,45.91
Tarde,Comercial,Media,Media,13,8,5.64,13.38
Manha,Publico,Media,Longa,24,8,11.1,24.46
Tarde,Comercial,Alta,Muito curta,52,9,0.8,51.85
Manha,Residencial,Media,Curta,19,4,2.45,19.32
Manha,Comercial,Alta,Curta,57,1,3.04,56.81
Tarde,Residencial,Alta,Media,46,12,7.07,45.88
Manha,Frotas,Media,Muito curta,13,5,0.76,12.9
Manha,Comercial,Media,Media,25,12,7.6,25.01
Manha,Comercial,Alta,Curta,48,10,4.6,47.85
Madrugada,Residencial,Media,Muito curta,27,9,0.2,27.44
Noite,Residencial,Media,Muito curta,11,3,1.07,10.66
Tarde,Residencial,Baixa,Muito curta,8,14,2.0,8.35
Madrugada,Publico,Alta,Curta,32,13,3.37,31.97
Tarde,Comercial,Media,Curta,24,11,2.11,23.95
Manha,Comercial,Alta,Curta,58,1,3.55,58.23
Tarde,Comercial,Media,Curta,26,1,4.66,26.0
Madrugada,Comercial,Baixa,Curta,3,14,2.69,3.46
Tarde,Residencial,Alta,Media,41,4,5.61,41.35
Tarde,Residencial,Alta,Curta,30,14,3.87,30.29
Manha,Publico,Alta,Longa,57,6,13.02,56.75
Tarde,Residencial,Media,Curta,19,1,3.07,18.95
Madrugada,Comercial,Media,Curta,12,13,2.18,12.44
Tarde,Residencial,Media,Curta,28,15,4.52,27.7
Tarde,Comercial,Alta,Curta,44,6,2.24,43.8
Manha,Publico,Baixa,Curta,5,7,4.83,5.49
Madrugada,Frotas,Media,Media,28,4,6.73,27.55
Tarde,Residencial,Alta,Media,45,12,5.78,44.76
Tarde,Residencial,Baixa,Muito curta,6,15,1.49,5.53
Noite,Frotas,Alta,Muito curta,51,4,0.2,50.69
Tarde,Residencial,Baixa,Muito curta,4,5,0.2,3.57
Manha,Publico,Media,Media,18,8,5.04,17.99
Noite,Residencial,Media,Muito curta,12,3,1.55,11.6
Noite,Comercial,Baixa,Curta,1,14,2.33,1.03
Manha,Publico,Media,Curta,24,10,2.83,24.39
Madrugada,Comercial,Media,Longa,27,7,12.87,27.02
Madrugada,Residencial,Media,Muito curta,27,8,0.76,27.11
Madrugada,Residencial,Alta,Curta,34,13,3.78,34.34
Madrugada,Comercial,Media,Media,30,3,5.59,29.89
Manha,Publico,Media,Curta,24,6,2.03,23.98
Manha,Residencial,Media,Curta,28,14,4.92,27.84
Manha,Comercial,Alta,Curta,55,1,3.2,54.81
Tarde,Publico,Baixa,Muito curta,2,10,0.25,1.83
Noite,Comercial,Media,Curta,28,12,2.46,28.01
Manha,Publico,Alta,Curta,45,12,3.9,44.54
Manha,Comercial,Alta,Curta,58,2,3.55,57.9
Manha,Residencial,Alta,Muito curta,56,3,0.2,55.71
Madrugada,Comercial,Media,Media,11,11,7.68,10.71
Tarde,Comercial,Alta,Media,39,5,6.57,38.69
Tarde,Residencial,Alta,Media,49,10,6.74,48.6
Manha,Comercial,Alta,Curta,34,14,2.35,34.07
Noite,Comercial,Media,Curta,12,4,2.76,11.9
Manha,Residencial,Media,Curta,20,3,2.32,20.1
Manha,Frotas,Alta,Muito curta,59,12,1.76,58.94
Madrugada,Publico,Baixa,Muito curta,10,6,1.64,10.0
Manha,Comercial,Media,Media,18,10,7.49,17.6
Tarde,Frotas,Alta,Curta,38,13,3.2,38.17
Manha,Frotas,Alta,Muito curta,35,3,0.2,34.96
Manha,Publico,Alta,Longa,59,8,12.98,58.59
Manha,Frotas,Media,Muito curta,15,5,0.33,14.67
Noite,Comercial,Alta,Media,46,3,9.93,46.09
Madrugada,Comercial,Media,Media,28,1,5.78,27.59
Tarde,Residencial,Alta,Curta,39,11,4.95,38.58
Madrugada,Residencial,Baixa,Muito curta,7,8,1.58,6.68
Manha,Comercial,Baixa,Media,8,9,6.34,8.08
Madrugada,Frotas,Media,Media,28,5,5.59,28.48
Madrugada,Residencial,Alta,Muito curta,56,6,0.51,55.7
Tarde,Frotas,Media,Curta,10,15,2.16,10.24
Tarde,Frotas,Alta,Curta,41,13,3.2,41.05
Madrugada,Comercial,Alta,Curta,50,2,4.19,49.59
Manha,Comercial,Alta,Curta,49,5,4.61,49.08
Tarde,Comercial,Media,Curta,22,1,2.14,21.65
Noite,Publico,Alta,Curta,57,10,2.99,57.37
Manha,Residencial,Media,Curta,18,3,2.74,18.13
Madrugada,Residencial,Alta,Muito curta,53,10,0.55,53.09
Noite,Comercial,Media,Curta,13,4,3.33,12.6
Manha,Comercial,Baixa,Media,6,9,5.67,5.63
Manha,Comercial,Baixa,Media,7,5,6.01,6.57
Noite,Comercial,Alta,Muito curta,45,1,1.97,44.91
Manha,Residencial,Alta,Muito curta,55,11,1.2,54.77
Noite,Residencial,Alta,Muito curta,58,7,0.81,58.5
Noite,Residencial,Media,Muito curta,14,1,1.49,14.16
Manha,Publico,Media,Curta,23,9,2.7,23.08
Tarde,Residencial,Alta,Media,38,13,5.22,38.07
Noite,Comercial,Alta,Media,42,3,8.54,41.78
Manha,Residencial,Alta,Muito curta,45,9,0.56,45.3
Madrugada,Frotas,Media,Media,30,6,5.48,29.89
Manha,Publico,Media,Media,22,8,5.12,22.07
Manha,Comercial,Alta,Media,58,14,5.51,57.61
Noite,Residencial,Baixa,Muito curta,7,4,1.19,6.91
Noite,Residencial,Baixa,Media,9,8,5.28,9.24
Madrugada,Publico,Alta,Curta,56,7,2.8,55.8
Tarde,Residencial,Alta,Muito curta,34,4,1.62,34.38
Madrugada,Publico,Media,Muito curta,15,6,0.7,14.56
Manha,Publico,Alta,Longa,56,6,14.33,55.5
Tarde,Frotas,Baixa,Muito curta,9,14,1.41,9.1
Noite,Comercial,Alta,Media,49,9,5.38,49.28
Manha,Publico,Baixa,Curta,6,7,4.4,5.55
Noite,Residencial,Alta,Muito curta,39,10,0.97,39.45
Tarde,Comercial,Alta,Muito curta,35,8,1.13,35.41
Manha,Frotas,Media,Muito curta,15,5,0.2,14.58
Manha,Publico,Baixa,Curta,5,5,4.63,5.11
Madrugada,Publico,Baixa,Curta,6,6,3.17,6.28
Tarde,Residencial,Alta,Media,42,14,5.16,42.38
Madrugada,Publico,Alta,Curta,36,11,3.22,36.05
Tarde,Frotas,Alta,Curta,41,12,3.93,41.06
Manha,Comercial,Alta,Muito curta,43,3,1.5,43.49
Manha,Residencial,Media,Curta,27,16,4.76,27.14
Tarde,Comercial,Alta,Muito curta,49,3,0.76,49.36
Madrugada,Residencial,Alta,Muito curta,48,8,0.66,48.34
Manha,Publico,Baixa,Muito curta,6,7,0.2,5.78
Noite,Frotas,Alta,Curta,41,11,2.8,40.67
Manha,Frotas,Alta,Curta,58,12,2.33,58.33
Tarde,Residencial,Alta,Media,38,12,5.19,38.4
Madrugada,Comercial,Alta,Curta,52,1,3.62,52.26
Noite,Residencial,Media,Curta,24,13,4.1,24.17
Tarde,Residencial,Media,Muito curta,12,14,1.11,11.98
Tarde,Publico,Media,Muito curta,16,4,0.79,15.84
Madrugada,Residencial,Alta,Curta,36,11,2.23,36.11
Tarde,Comercial,Media,Curta,27,11,3.16,27.34
Manha,Publico,Media,Curta,23,7,2.18,23.03
Noite,Frotas,Media,Muito curta,20,12,0.91,20.29
Tarde,Comercial,Alta,Muito curta,37,11,1.23,37.0
Tarde,Comercial,Alta,Curta,40,7,2.42,40.03
Tarde,Comercial,Media,Media,25,4,6.25,25.33
Noite,Comercial,Baixa,Muito curta,5,14,2.0,5.34
Manha,Frotas,Media,Muito curta,15,4,1.03,14.63
Manha,Residencial,Media,Media,28,10,9.14,28.04
Noite,Comercial,Alta,Media,47,1,8.27,47.05
Tarde,Residencial,Alta,Muito curta,38,4,0.2,38.27
Manha,Frotas,Media,Muito curta,16,6,0.2,15.6
Manha,Residencial,Media,Curta,27,15,4.7,27.11
Noite,Comercial,Media,Curta,11,4,3.77,11.47
Manha,Residencial,Media,Muito curta,17,11,1.1,17.24
Tarde,Residencial,Media,Muito curta,25,14,1.02,24.63
Manha,Publico,Alta,Longa,56,7,13.49,55.88
Tarde,Residencial,Media,Curta,30,15,3.97,29.52
Tarde,Publico,Media,Muito curta,26,15,0.2,25.67
Madrugada,Residencial,Baixa,Curta,9,9,2.55,8.67
Madrugada,Frotas,Alta,Media,30,5,6.07,30.41
Manha,Residencial,Alta,Curta,55,12,3.6,55.1
Manha,Residencial,Media,Curta,24,15,4.95,24.16
Manha,Residencial,Media,Curta,26,12,3.84,25.73
Tarde,Comercial,Alta,Muito curta,51,8,0.91,50.6
Tarde,Frotas,Alta,Curta,42,11,3.65,41.84
Noite,Comercial,Alta,Muito curta,44,4,1.76,44.28
Noite,Frotas,Media,Longa,28,4,15.91,28.18
Noite,Publico,Baixa,Muito curta,0,6,0.46,0.5
Madrugada,Residencial,Media,Muito curta,25,8,0.2,25.22
Madrugada,Residencial,Alta,Muito curta,60,7,0.2,60.0
Manha,Comercial,Alta,Muito curta,41,3,1.84,40.99
Tarde,Comercial,Media,Curta,17,4,4.79,16.86
Noite,Frotas,Baixa,Curta,8,6,4.13,7.56
Madrugada,Residencial,Media,Muito curta,26,9,0.2,25.94
Manha,Comercial,Baixa,Media,1,7,5.22,1.05
Tarde,Residencial,Media,Curta,21,6,2.06,20.63
Noite,Comercial,Media,Curta,26,10,2.09,25.65
Tarde,Residencial,Media,Muito curta,22,10,0.66,22.48
Madrugada,Residencial,Media,Muito curta,10,10,1.74,10.43
Tarde,Residencial,Baixa,Muito curta,6,15,0.37,5.66
Manha,Publico,Media,Longa,21,9,10.61,21.09
Noite,Residencial,Media,Muito curta,18,2,0.81,18.15
Tarde,Residencial,Alta,Media,41,11,5.69,41.1
Manha,Residencial,Media,Curta,26,5,4.35,25.51
Tarde,Residencial,Media,Curta,19,1,2.68,19.32
Manha,Comercial,Media,Media,19,7,7.51,18.92
Tarde,Residencial,Alta,Curta,42,11,3.68,42.04
Noite,Comercial,Media,Media,24,7,6.48,23.54
Madrugada,Comercial,Media,Curta,14,13,2.97,14.02
Manha,Residencial,Media,Curta,28,4,2.7,27.82
Tarde,Publico,Baixa,Muito curta,1,9,1.13,1.15
Tarde,Residencial,Media,Muito curta,21,12,0.37,21.07
Manha,Residencial,Media,Curta,29,5,4.05,28.66
Tarde,Publico,Alta,Curta,45,3,3.53,44.8
Manha,Comercial,Alta,Media,55,13,5.54,55.36
Manha,Residencial,Media,Muito curta,21,1,1.23,21.19
Manha,Residencial,Alta,Muito curta,45,3,1.61,45.41
Madrugada,Residencial,Alta,Curta,50,15,2.87,49.91
Noite,Frotas,Baixa,Curta,6,3,2.45,5.92
Madrugada,Publico,Alta,Muito curta,43,5,0.78,42.91
Manha,Comercial,Alta,Media,51,6,5.88,51.34
Manha,Comercial,Alta,Curta,47,3,4.07,46.83
Tarde,Comercial,Alta,Muito curta,35,10,1.42,34.82
Tarde,Publico,Media,Muito curta,16,5,1.39,16.25
Noite,Residencial,Baixa,Muito curta,9,1,0.72,9.42
Manha,Comercial,Media,Media,22,12,7.87,22.11
Tarde,Residencial,Alta,Curta,46,10,2.47,46.14
Manha,Residencial,Media,Curta,30,4,4.33,29.7
Madrugada,Residencial,Alta,Curta,33,1,3.24,33.27
Madrugada,Comercial,Media,Longa,25,4,13.39,24.66
Manha,Frotas,Alta,Muito curta,36,1,0.48,35.52
Manha,Frotas,Alta,Muito curta,35,3,0.2,35.03
Tarde,Comercial,Alta,Media,38,3,6.83,37.6
Manha,Residencial,Media,Curta,24,16,4.49,24.18
Manha,Comercial,Alta,Curta,49,4,4.63,49.44
Manha,Residencial,Media,Curta,26,7,4.26,26.36
Madrugada,Residencial,Alta,Muito curta,36,1,0.62,35.69
Madrugada,Publico,Media,Muito curta,13,4,0.24,13.21
Manha,Publico,Baixa,Media,6,6,7.88,6.22
Noite,Frotas,Media,Muito curta,19,13,1.14,18.83
Noite,Residencial,Alta,Muito curta,36,6,1.23,35.81
Noite,Comercial,Alta,Media,44,7,7.05,44.31
Madrugada,Residencial,Media,Curta,10,8,2.11,10.16
Madrugada,Residencial,Alta,Curta,33,12,3.52,33.47
Manha,Frotas,Media,Muito curta,14,3,0.2,13.82
Tarde,Frotas,Baixa,Media,2,14,8.57,1.65
Manha,Comercial,Alta,Curta,43,5,4.71,43.11
Tarde,Publico,Baixa,Curta,9,1,2.57,9.03
Manha,Residencial,Alta,Muito curta,56,3,1.61,56.28
Manha,Publico,Media,Curta,19,7,4.99,18.85
Tarde,Comercial,Media,Curta,23,14,2.89,22.95
Tarde,Residencial,Baixa,Curta,4,1,2.74,3.66
Tarde,Residencial,Baixa,Muito curta,2,5,1.25,2.32
Manha,Comercial,Alta,Curta,46,3,3.77,45.99
Tarde,Residencial,Baixa,Muito curta,6,16,1.15,5.86
Tarde,Publico,Media,Muito curta,25,14,0.88,24.92
Tarde,Residencial,Media,Curta,30,13,4.39,29.63
Tarde,Publico,Media,Muito curta,22,13,0.99,22.27
Tarde,Residencial,Alta,Muito curta,43,2,0.79,42.6
Tarde,Frotas,Baixa,Muito curta,9,12,1.43,9.39
Noite,Comercial,Alta,Muito curta,55,3,1.14,55.29
Manha,Residencial,Media,Curta,17,7,2.93,17.09
Tarde,Comercial,Media,Media,15,8,5.08,15.02
Manha,Residencial,Alta,Media,50,13,6.22,49.87
Manha,Comercial,Media,Media,18,10,6.41,18.04
Tarde,Frotas,Media,Muito curta,13,15,1.83,12.78
Noite,Comercial,Media,Curta,26,11,2.19,26.22
Tarde,Comercial,Alta,Media,39,5,6.63,38.53
Manha,Publico,Media,Longa,27,8,10.08,27.03
Tarde,Comercial,Alta,Media,30,4,6.37,30.34
Manha,Frotas,Media,Muito curta,26,5,1.6,25.78
Tarde,Residencial,Baixa,Curta,4,1,2.26,3.82
Madrugada,Residencial,Alta,Curta,35,11,2.35,34.8
Tarde,Residencial,Alta,Curta,46,10,2.63,45.52
Tarde,Residencial,Alta,Muito curta,35,4,1.55,35.27
Noite,Comercial,Baixa,Muito curta,6,14,1.65,5.55
Manha,Comercial,Baixa,Curta,9,2,2.77,8.66
Noite,Comercial,Alta,Muito curta,45,4,1.87,45.22
Noite,Residencial,Alta,Media,59,1,5.35,59.38
Tarde,Publico,Media,Muito curta,19,10,0.58,18.84
Tarde,Publico,Baixa,Muito curta,0,10,1.24,0.5
Manha,Publico,Media,Curta,24,8,2.44,24.11
Madrugada,Frotas,Media,Media,30,7,5.77,29.94
Manha,Publico,Alta,Longa,58,6,13.43,58.23
Tarde,Publico,Media,Muito curta,24,15,0.77,24.5
Madrugada,Residencial,Alta,Longa,55,6,10.89,55.2
Tarde,Frotas,Baixa,Media,5,15,8.1,5.0
Madrugada,Residencial,Alta,Curta,35,12,2.55,35.35
Madrugada,Residencial,Media,Curta,23,7,2.94,23.33
Tarde,Publico,Baixa,Muito curta,0,8,1.28,0.5
Manha,Frotas,Alta,Muito curta,33,4,0.4,33.31
Tarde,Residencial,Alta,Muito curta,56,1,0.73,56.46
Noite,Frotas,Baixa,Curta,6,4,2.75,5.98
Manha,Comercial,Baixa,Curta,9,6,3.35,8.94
Manha,Residencial,Alta,Muito curta,58,3,0.52,57.53
Noite,Residencial,Alta,Media,60,1,6.65,60.0
Manha,Residencial,Media,Curta,29,8,3.38,29.05
Tarde,Residencial,Alta,Curta,46,8,2.72,46.26
Tarde,Residencial,Alta,Curta,45,8,3.06,45.3
Tarde,Publico,Alta,Curta,48,3,3.93,48.46
Noite,Residencial,Baixa,Media,7,10,5.42,6.53
Manha,Frotas,Media,Muito curta,27,3,0.59,27.38
Manha,Frotas,Alta,Muito curta,33,1,0.8,33.16
Madrugada,Comercial,Baixa,Curta,8,15,2.53,8.02
Tarde,Comercial,Alta,Muito curta,32,10,1.8,31.97
Madrugada,Residencial,Alta,Muito curta,35,1,0.61,34.67
Manha,Publico,Media,Curta,24,7,4.4,23.59
Tarde,Residencial,Media,Muito curta,22,13,0.58,21.94
Manha,Frotas,Alta,Muito curta,58,13,2.0,57.75
Noite,Residencial,Alta,Media,60,3,6.28,60.0
Madrugada,Residencial,Alta,Curta,34,10,3.56,34.27
Manha,Residencial,Baixa,Muito curta,8,8,1.19,7.62
Noite,Comercial,Media,Muito curta,24,9,1.89,24.28
Manha,Publico,Media,Muito curta,22,6,1.95,22.45
Noite,Comercial,Media,Muito curta,25,5,1.49,25.25
Noite,Residencial,Alta,Muito curta,60,3,1.02,60.0
Tarde,Residencial,Baixa,Muito curta,2,13,0.95,2.08
Madrugada,Residencial,Alta,Muito curta,59,6,0.2,58.65
Tarde,Comercial,Media,Muito curta,30,11,0.59,29.56
Noite,Comercial,Alta,Curta,46,2,2.31,46.31
Madrugada,Residencial,Alta,Longa,57,4,10.69,56.73
Tarde,Residencial,Media,Muito curta,13,14,1.81,12.57
Manha,Residencial,Alta,Muito curta,54,1,0.2,54.16
Tarde,Publico,Alta,Curta,50,3,3.84,50.49
Manha,Residencial,Media,Muito curta,21,5,1.41,20.69
Noite,Comercial,Media,Curta,10,8,3.57,10.08
Madrugada,Comercial,Alta,Curta,56,1,3.68,55.71
Tarde,Comercial,Alta,Muito curta,35,8,1.47,35.46
Manha,Residencial,Alta,Curta,50,10,4.91,50.17
Madrugada,Residencial,Alta,Muito curta,38,1,0.51,38.48
Noite,Residencial,Media,Muito curta,18,1,0.83,18.15
Tarde,Residencial,Baixa,Muito curta,4,14,1.17,4.36
Tarde,Residencial,Alta,Media,36,13,5.32,36.48
Manha,Residencial,Alta,Muito curta,45,9,0.29,44.74
Manha,Frotas,Alta,Curta,58,15,2.15,58.48
Tarde,Residencial,Alta,Muito curta,46,1,0.91,46.21
Manha,Comercial,Alta,Media,46,6,5.46,45.8
Madrugada,Publico,Alta,Curta,41,9,3.52,40.6
Manha,Residencial,Media,Muito curta,18,9,0.57,18.43
Noite,Frotas,Media,Muito curta,26,5,1.26,26.36
Manha,Residencial,Alta,Muito curta,54,8,1.02,53.53
Manha,Residencial,Alta,Muito curta,56,12,0.77,56.26
Manha,Residencial,Media,Media,28,9,8.45,28.33
Noite,Frotas,Baixa,Curta,4,7,2.67,4.0
Manha,Comercial,Alta,Muito curta,39,6,0.2,38.65
Manha,Publico,Media,Curta,22,11,4.57,22.36
Madrugada,Residencial,Media,Curta,12,9,2.17,11.89
Tarde,Publico,Alta,Muito curta,43,13,0.56,43.27
Manha,Frotas,Media,Muito curta,13,6,0.2,12.62
Tarde,Comercial,Alta,Muito curta,50,2,1.72,49.99
Manha,Comercial,Media,Media,19,7,8.16,19.19
Manha,Residencial,Baixa,Curta,0,5,2.66,0.5
Tarde,Residencial,Media,Curta,22,1,3.32,21.74
Tarde,Comercial,Media,Curta,22,1,2.48,21.72
Tarde,Residencial,Alta,Media,38,13,8.59,37.82
Manha,Residencial,Media,Curta,25,12,3.67,24.62
Manha,Comercial,Alta,Curta,33,12,2.02,32.76
Tarde,Residencial,Media,Muito curta,18,6,1.9,18.13
Manha,Publico,Baixa,Muito curta,7,4,0.2,6.71
Tarde,Residencial,Alta,Muito curta,45,1,0.2,44.79
Madrugada,Residencial,Media,Muito curta,30,7,0.2,29.78
Noite,Frotas,Alta,Muito curta,51,2,0.2,50.93
Manha,Comercial,Alta,Muito curta,35,12,1.83,35.17
Tarde,Frotas,Baixa,Muito curta,10,15,1.51,9.58
Madrugada,Residencial,Media,Muito curta,27,7,0.65,27.0
Tarde,Frotas,Alta,Longa,32,3,11.54,32.32
Noite,Frotas,Alta,Curta,44,12,2.89,43.64
Tarde,Residencial,Media,Media,29,11,8.94,29.0
Tarde,Residencial,Alta,Muito curta,37,5,1.42,37.39
Tarde,Publico,Alta,Curta,45,3,3.96,44.63
Madrugada,Residencial,Alta,Curta,34,14,3.5,33.98
Noite,Comercial,Media,Curta,25,8,2.82,24.67
Noite,Comercial,Media,Media,23,9,5.81,22.52
Madrugada,Residencial,Media,Muito curta,29,7,0.48,28.81
Madrugada,Comercial,Media,Curta,17,11,2.34,16.56
Manha,Comercial,Alta,Curta,49,7,4.74,48.95
Tarde,Comercial,Alta,Media,33,1,5.06,33.32
Manha,Comercial,Alta,Media,48,2,5.22,47.94
Madrugada,Residencial,Alta,Curta,35,1,2.48,35.38
Tarde,Residencial,Baixa,Curta,8,1,2.55,7.7
Madrugada,Publico,Alta,Curta,42,10,2.09,41.64
Manha,Frotas,Media,Muito curta,10,3,0.2,10.49
Madrugada,Comercial,Media,Media,16,16,9.11,15.78
Tarde,Residencial,Alta,Muito curta,50,11,0.75,49.72
Tarde,Comercial,Alta,Media,39,5,7.13,38.79
Manha,Comercial,Alta,Media,48,12,6.35,47.52
Noite,Comercial,Media,Curta,13,7,2.96,13.18
Manha,Comercial,Alta,Media,58,12,5.62,58.06
Noite,Residencial,Baixa,Muito curta,10,2,1.89,9.82
Manha,Residencial,Baixa,Curta,0,7,2.42,0.5
Tarde,Publico,Media,Muito curta,21,12,0.81,21.21
Tarde,Comercial,Media,Media,15,5,5.26,14.77
Tarde,Comercial,Alta,Curta,42,9,3.27,41.74
Madrugada,Residencial,Alta,Curta,48,13,2.08,48.4
Manha,Frotas,Alta,Media,46,2,6.54,45.52
Manha,Publico,Baixa,Muito curta,7,4,0.2,7.32
Manha,Publico,Baixa,Curta,4,7,4.81,4.01
Manha,Comercial,Alta,Muito curta,40,9,0.2,40.08
Madrugada,Residencial,Alta,Curta,33,14,3.42,33.21
Manha,Residencial,Alta,Muito curta,55,1,0.24,55.47
Madrugada,Comercial,Media,Curta,16,13,2.55,16.19
Noite,Residencial,Alta,Media,60,1,6.25,59.92
Tarde,Comercial,Alta,Muito curta,53,10,1.48,53.48
Tarde,Publico,Media,Muito curta,16,4,0.69,15.72
Noite,Residencial,Baixa,Muito curta,8,1,1.87,8.23
Tarde,Frotas,Media,Muito curta,11,14,1.44,10.88
Noite,Comercial,Alta,Media,50,12,5.48,49.6
Tarde,Frotas,Alta,Longa,32,3,10.96,31.9
Noite,Frotas,Media,Muito curta,24,13,1.16,24.16
Tarde,Residencial,Media,Curta,25,16,4.26,25.11
Madrugada,Comercial,Baixa,Curta,7,14,2.16,6.77
Tarde,Comercial,Alta,Muito curta,52,8,0.74,51.69
Manha,Comercial,Alta,Muito curta,46,3,1.73,45.56
Madrugada,Publico,Alta,Curta,55,6,3.06,54.71
Madrugada,Publico,Media,Muito curta,18,4,0.2,17.91
Madrugada,Comercial,Media,Media,16,16,8.95,15.89
Tarde,Comercial,Alta,Curta,39,6,2.35,39.23
Noite,Comercial,Media,Media,28,8,7.33,27.82
Noite,Comercial,Alta,Curta,48,3,2.95,48.34
Tarde,Residencial,Alta,Curta,45,11,2.76,44.91
Manha,Frotas,Alta,Muito curta,60,15,1.66,60.0
Noite,Residencial,Media,Muito curta,16,1,0.57,15.61
Manha,Frotas,Alta,Muito curta,31,2,0.2,30.62
Tarde,Residencial,Media,Curta,15,1,2.07,14.71
Tarde,Residencial,Baixa,Muito curta,8,13,1.85,8.26
Noite,Frotas,Alta,Curta,37,11,2.78,37.45
Noite,Frotas,Alta,Muito curta,53,4,0.93,53.15
Manha,Residencial,Alta,Muito curta,60,4,0.2,59.55
Noite,Comercial,Baixa,Muito curta,4,3,0.2,4.04
Tarde,Residencial,Alta,Muito curta,44,10,1.6,44.14
Tarde,Residencial,Alta,Curta,45,8,2.82,45.33
Madrugada,Publico,Alta,Curta,39,10,2.71,38.61
Tarde,Comercial,Alta,Muito curta,53,10,0.98,53.33
Manha,Residencial,Alta,Media,51,13,5.09,51.36
Tarde,Residencial,Alta,Muito curta,50,12,0.88,49.89
Manha,Residencial,Alta,Muito curta,47,5,0.2,46.52
Tarde,Residencial,Media,Curta,24,2,3.62,23.61
Manha,Comercial,Media,Media,20,7,7.5,19.93
Madrugada,Residencial,Alta,Muito curta,36,1,0.97,36.48
Manha,Publico,Media,Longa,25,5,10.02,24.6
Tarde,Residencial,Media,Curta,22,4,3.46,22.19
Manha,Frotas,Media,Muito curta,15,6,0.86,14.7
Manha,Residencial,Alta,Muito curta,53,8,1.38,53.35
Tarde,Residencial,Media,Muito curta,13,2,0.37,13.04
Noite,Comercial,Alta,Media,44,1,8.97,43.85
Tarde,Publico,Media,Curta,19,4,2.93,19.06
Noite,Residencial,Media,Muito curta,16,1,0.74,16.39
Noite,Frotas,Alta,Longa,31,5,15.3,30.87
Noite,Residencial,Alta,Curta,51,7,3.03,50.96
Manha,Publico,Media,Longa,24,8,11.06,23.85
Manha,Comercial,Baixa,Media,7,6,6.02,6.77
Manha,Frotas,Media,Muito curta,26,3,0.55,25.54
Tarde,Comercial,Alta,Muito curta,51,1,1.45,51.18
Tarde,Publico,Alta,Curta,46,4,3.33,45.79
Manha,Frotas,Media,Muito curta,14,5,0.37,14.17
Tarde,Comercial,Alta,Muito curta,32,11,1.15,32.31
Manha,Publico,Media,Media,24,11,5.15,24.4
Tarde,Residencial,Alta,Muito curta,43,9,1.82,42.65
Noite,Publico,Baixa,Muito curta,0,6,0.2,0.5
Tarde,Residencial,Alta,Muito curta,36,4,0.55,35.81
Noite,Comercial,Baixa,Muito curta,3,2,0.58,2.56
Manha,Residencial,Baixa,Muito curta,5,8,1.32,5.23
Tarde,Residencial,Alta,Media,49,9,6.82,48.69
Tarde,Frotas,Alta,Curta,39,13,3.87,38.72
Tarde,Residencial,Baixa,Muito curta,5,6,0.2,4.74
Manha,Comercial,Alta,Media,46,9,5.27,46.29
Madrugada,Residencial,Media,Curta,13,9,2.5,12.85
Madrugada,Residencial,Alta,Curta,34,1,2.07,33.88
Tarde,Residencial,Alta,Muito curta,48,13,1.41,48.07
Madrugada,Comercial,Alta,Curta,52,1,4.0,52.35
Tarde,Residencial,Alta,Muito curta,46,13,1.14,45.95
Madrugada,Publico,Alta,Curta,56,10,2.8,55.93
Manha,Residencial,Alta,Muito curta,59,2,1.12,59.26
Madrugada,Comercial,Media,Longa,25,7,12.98,25.32
Manha,Residencial,Alta,Muito curta,55,1,1.3,54.65
Noite,Comercial,Alta,Media,42,5,6.61,42.23
Manha,Residencial,Media,Curta,17,5,2.28,17.36
Manha,Residencial,Alta,Curta,52,12,2.69,52.07
Madrugada,Residencial,Alta,Muito curta,46,15,1.96,45.74
Manha,Publico,Alta,Curta,45,12,4.4,44.66
Manha,Publico,Alta,Curta,47,14,4.43,46.94
Tarde,Publico,Media,Muito curta,18,4,1.09,18.33
Manha,Publico,Media,Media,21,8,5.38,20.58
Manha,Comercial,Alta,Media,47,12,6.6,46.71
Tarde,Comercial,Alta,Muito curta,33,11,1.15,33.32
Tarde,Comercial,Alta,Muito curta,31,11,1.52,30.55
Manha,Publico,Media,Media,23,7,9.89,23.12
Manha,Residencial,Alta,Curta,30,2,3.56,30.12
Noite,Comercial,Media,Curta,12,8,3.03,11.89
Manha,Publico,Baixa,Muito curta,10,5,0.91,9.84
Manha,Residencial,Media,Media,30,8,9.35,29.8
Tarde,Residencial,Media,Curta,30,12,4.62,29.98
Manha,Comercial,Alta,Media,58,12,5.35,57.51
Noite,Comercial,Media,Curta,10,7,3.43,10.16
Madrugada,Comercial,Media,Longa,25,5,12.93,25.31
Tarde,Residencial,Baixa,Muito curta,10,12,1.19,9.59
Tarde,Comercial,Media,Curta,21,3,2.77,21.47
Tarde,Residencial,Media,Curta,27,15,3.16,26.74
Tarde,Residencial,Alta,Curta,30,12,4.62,30.5
Noite,Comercial,Baixa,Muito curta,3,4,0.59,3.15
Tarde,Residencial,Media,Media,26,9,7.33,26.0
Noite,Frotas,Alta,Longa,33,4,15.98,32.59
Madrugada,Residencial,Media,Curta,20,5,3.92,19.5
Madrugada,Publico,Alta,Curta,54,10,2.41,53.77
Manha,Residencial,Media,Curta,25,12,4.4,25.33
Tarde,Residencial,Media,Muito curta,12,12,1.36,11.62
Madrugada,Publico,Media,Muito curta,13,7,0.2,12.83
Noite,Residencial,Alta,Muito curta,59,3,0.95,59.02
Madrugada,Comercial,Media,Media,13,13,6.08,13.35
Tarde,Residencial,Media,Muito curta,14,7,0.54,14.35
Manha,Comercial,Alta,Muito curta,38,9,1.46,38.21
Madrugada,Comercial,Baixa,Curta,6,15,3.37,5.62
Tarde,Publico,Media,Curta,18,3,2.57,18.47
Manha,Comercial,Alta,Media,46,13,6.82,46.06
Tarde,Frotas,Media,Curta,12,11,2.13,11.91
Tarde,Frotas,Media,Longa,29,3,13.03,28.78
Noite,Publico,Alta,Curta,58,8,2.82,58.41
Madrugada,Residencial,Alta,Curta,46,12,2.33,45.92
Madrugada,Comercial,Media,Curta,12,11,3.06,12.37
Noite,Comercial,Media,Curta,29,12,2.81,28.73
Noite,Frotas,Alta,Muito curta,50,2,0.44,49.64
Manha,Publico,Media,Curta,19,10,2.4,19.14
Noite,Comercial,Alta,Media,35,9,7.88,35.04
Tarde,Comercial,Media,Curta,15,4,4.89,14.81
Madrugada,Residencial,Media,Curta,12,6,2.79,11.62
Noite,Comercial,Alta,Media,45,1,8.14,45.23
Madrugada,Publico,Alta,Curta,36,13,3.06,36.28
Manha,Residencial,Alta,Curta,50,11,4.01,49.88
Tarde,Residencial,Media,Muito curta,13,1,0.9,12.65
Tarde,Residencial,Alta,Media,48,12,6.94,48.06
Manha,Comercial,Baixa,Curta,7,2,3.81,6.52
Madrugada,Comercial,Alta,Curta,51,3,3.69,50.81
Tarde,Publico,Alta,Curta,48,3,3.7,48.37
Manha,Frotas,Media,Muito curta,15,3,1.71,15.25
Tarde,Comercial,Alta,Media,39,5,6.94,39.1
Tarde,Residencial,Alta,Media,30,9,8.76,30.35
Noite,Comercial,Alta,Media,50,11,6.1,49.92
Madrugada,Residencial,Alta,Longa,57,2,10.81,56.61
Tarde,Comercial,Media,Curta,24,12,2.48,24.04
Noite,Comercial,Alta,Media,36,5,6.93,35.98
Tarde,Comercial,Media,Media,14,6,5.11,13.83
Manha,Residencial,Media,Curta,29,4,3.75,29.38
Tarde,Residencial,Media,Muito curta,24,11,0.3,23.64
Tarde,Publico,Media,Muito curta,19,3,0.26,18.65
Noite,Frotas,Media,Muito curta,24,3,0.69,23.98
Noite,Residencial,Baixa,Media,9,11,7.86,8.54
Madrugada,Residencial,Alta,Muito curta,48,5,0.26,47.72
Tarde,Frotas,Alta,Curta,43,12,2.95,42.81
Manha,Publico,Media,Curta,25,8,2.42,24.69
Tarde,Residencial,Media,Curta,28,15,4.86,27.61
Manha,Publico,Baixa,Media,7,7,8.04,7.15
Noite,Comercial,Alta,Media,46,1,9.36,46.41
Tarde,Comercial,Media,Media,29,1,5.18,28.65
Manha,Residencial,Media,Muito curta,19,10,0.24,19.35
Manha,Publico,Baixa,Media,9,8,8.04,8.59
Madrugada,Residencial,Media,Curta,22,8,3.66,22.23
Noite,Frotas,Alta,Curta,35,8,2.65,35.09
Tarde,Residencial,Media,Muito curta,18,6,0.6,18.4
Madrugada,Publico,Alta,Curta,41,9,2.73,41.04
Manha,Comercial,Alta,Muito curta,46,1,0.36,46.39
Noite,Residencial,Baixa,Curta,9,8,3.88,8.86
Manha,Comercial,Media,Media,27,14,8.0,26.8
Madrugada,Publico,Baixa,Curta,8,6,3.07,8.18
Tarde,Comercial,Media,Curta,21,3,2.12,20.95
Noite,Residencial,Baixa,Muito curta,9,3,1.22,9.38
Noite,Frotas,Media,Muito curta,24,6,0.6,23.64
Madrugada,Residencial,Media,Curta,11,6,2.78,11.42
Madrugada,Publico,Media,Muito curta,14,6,0.2,14.02
Noite,Comercial,Media,Curta,13,6,2.76,13.15
Manha,Frotas,Alta,Media,41,1,6.58,40.74
Madrugada,Residencial,Alta,Curta,36,5,2.66,35.73
Madrugada,Comercial,Media,Longa,27,6,13.58,26.85
Tarde,Residencial,Alta,Muito curta,47,12,1.97,47.46
Manha,Comercial,Alta,Media,60,15,5.6,59.55
Tarde,Publico,Media,Muito curta,19,11,0.8,19.28
Manha,Residencial,Baixa,Curta,3,4,3.53,3.36
Noite,Publico,Baixa,Muito curta,0,4,1.32,0.5
Madrugada,Residencial,Alta,Muito curta,48,6,1.26,47.74
Manha,Comercial,Alta,Media,50,14,7.47,49.54
Manha,Residencial,Alta,Curta,55,10,2.35,55.05
Madrugada,Publico,Alta,Curta,35,11,3.0,34.91
Noite,Residencial,Media,Curta,22,10,3.67,21.54
Tarde,Publico,Baixa,Muito curta,1,8,0.27,0.67
Noite,Comercial,Alta,Media,45,5,6.96,45.32
Tarde,Residencial,Media,Curta,29,12,4.48,29.2
Noite,Comercial,Baixa,Muito curta,6,14,1.85,6.45
Noite,Residencial,Alta,Media,60,1,6.07,60.0
Manha,Comercial,Alta,Muito curta,37,13,0.2,36.73
Manha,Residencial,Alta,Muito curta,45,2,1.93,45.09
Manha,Residencial,Alta,Muito curta,60,4,0.61,60.0
Manha,Residencial,Media,Muito curta,21,3,0.2,20.85
Tarde,Residencial,Alta,Media,41,3,5.87,41.08
Tarde,Publico,Media,Curta,19,15,3.84,18.77
Noite,Comercial,Alta,Media,38,7,6.57,37.76
Tarde,Frotas,Baixa,Media,3,11,8.09,3.0
Tarde,Publico,Media,Muito curta,20,8,0.44,20.46
Tarde,Residencial,Baixa,Muito curta,9,10,0.93,9.39
Tarde,Publico,Alta,Curta,50,7,3.69,49.58
Manha,Frotas,Media,Muito curta,14,4,0.4,13.73
Tarde,Residencial,Baixa,Muito curta,4,5,0.2,3.55
Noite,Publico,Baixa,Muito curta,3,2,0.22,2.81
Noite,Publico,Baixa,Muito curta,1,5,0.2,1.04
Manha,Comercial,Alta,Curta,50,2,4.46,50.14
Tarde,Comercial,Alta,Muito curta,52,8,1.17,52.28
Madrugada,Residencial,Alta,Curta,37,10,3.58,36.66
Tarde,Comercial,Alta,Media,40,5,6.62,39.66
Tarde,Comercial,Alta,Media,41,3,5.42,41.43
Noite,Comercial,Alta,Media,47,9,6.91,47.42
Tarde,Residencial,Media,Muito curta,25,10,0.81,25.22
Madrugada,Comercial,Alta,Curta,51,1,4.54,50.76
Tarde,Frotas,Alta,Longa,31,5,11.52,30.78
Manha,Residencial,Media,Muito curta,18,11,1.7,18.15
Madrugada,Frotas,Media,Media,30,8,5.92,29.7
Noite,Comercial,Alta,Media,44,8,7.15,44.44
Manha,Publico,Baixa,Media,4,8,5.64,3.56
Manha,Frotas,Media,Muito curta,27,7,1.19,27.15
Madrugada,Residencial,Baixa,Muito curta,1,12,0.86,1.15
Tarde,Publico,Baixa,Muito curta,0,6,0.62,0.5
Noite,Comercial,Media,Curta,27,9,2.52,27.09
Manha,Frotas,Alta,Muito curta,37,1,0.29,36.82
Tarde,Residencial,Alta,Media,42,3,5.42,41.7
Noite,Residencial,Media,Muito curta,16,1,0.21,16.48
Manha,Comercial,Alta,Media,46,14,7.29,46.13
Tarde,Publico,Baixa,Muito curta,4,7,1.18,4.34
Noite,Residencial,Media,Curta,27,11,2.76,27.02
Manha,Comercial,Media,Media,17,8,6.92,16.61
Madrugada,Residencial,Alta,Muito curta,58,10,0.45,58.31
Tarde,Residencial,Baixa,Muito curta,1,6,0.2,0.73
Madrugada,Frotas,Alta,Media,32,7,5.8,31.58
Tarde,Residencial,Alta,Media,38,11,8.43,37.83
Noite,Comercial,Alta,Curta,45,4,2.65,44.81
Manha,Residencial,Baixa,Curta,2,8,3.5,2.13
Manha,Residencial,Baixa,Muito curta,5,8,1.36,4.78
Manha,Comercial,Media,Media,18,7,6.56,17.64
Noite,Residencial,Media,Curta,25,9,3.31,25.21
Tarde,Residencial,Alta,Muito curta,44,1,0.2,44.26
Tarde,Residencial,Media,Curta,26,13,4.05,25.88
Madrugada,Comercial,Media,Media,15,13,8.8,14.96
Tarde,Residencial,Media,Curta,27,13,4.65,26.73
Manha,Publico,Baixa,Curta,6,5,4.74,6.46
Manha,Frotas,Media,Muito curta,27,3,1.43,26.67
Tarde,Residencial,Alta,Curta,47,12,2.38,46.57
Manha,Residencial,Media,Media,25,16,5.21,25.44
Noite,Frotas,Alta,Muito curta,41,13,1.98,41.28
Tarde,Comercial,Alta,Curta,39,9,2.6,39.46
Manha,Frotas,Alta,Muito curta,32,1,0.22,32.32
Madrugada,Residencial,Alta,Muito curta,33,11,0.42,32.56
Tarde,Comercial,Alta,Muito curta,50,3,1.4,49.61
Manha,Comercial,Alta,Curta,45,1,2.67,45.17
Manha,Comercial,Alta,Muito curta,37,10,0.2,36.95
Tarde,Frotas,Baixa,Muito curta,7,12,0.94,6.93
Noite,Comercial,Media,Media,25,7,7.11,25.22
Manha,Publico,Media,Muito curta,24,10,1.77,23.69
Noite,Comercial,Alta,Media,45,1,9.04,44.8
Noite,Comercial,Baixa,Curta,6,15,2.17,5.61
Madrugada,Residencial,Alta,Curta,48,15,2.74,48.0
Madrugada,Residencial,Alta,Muito curta,48,7,0.83,48.03
Madrugada,Residencial,Media,Curta,14,9,2.46,14.44
Manha,Residencial,Alta,Muito curta,47,6,0.28,47.14
Noite,Comercial,Baixa,Curta,9,8,3.61,8.89
Manha,Comercial,Alta,Muito curta,46,3,1.73,45.99
Noite,Comercial,Media,Muito curta,23,2,1.28,23.44
Manha,Publico,Media,Curta,23,5,4.6,23.07
Noite,Residencial,Media,Muito curta,14,1,1.92,14.01
Madrugada,Residencial,Baixa,Muito curta,3,12,1.32,2.98
Tarde,Residencial,Baixa,Curta,9,1,2.55,8.92
Noite,Residencial,Media,Muito curta,17,1,0.78,17.27
Madrugada,Residencial,Alta,Muito curta,37,2,0.26,36.58
Manha,Residencial,Alta,Media,49,10,5.39,48.89
Manha,Frotas,Alta,Muito curta,33,1,0.2,32.7
Madrugada,Residencial,Media,Muito curta,27,9,0.29,27.06
Noite,Comercial,Alta,Media,43,8,7.45,43.4
Manha,Residencial,Alta,Muito curta,54,2,0.83,54.01
Noite,Residencial,Alta,Muito curta,58,4,1.35,58.34
Tarde,Publico,Media,Muito curta,24,12,1.14,23.84
Manha,Comercial,Alta,Muito curta,34,14,1.46,33.75
Manha,Residencial,Alta,Media,52,12,5.64,51.55
Madrugada,Publico,Baixa,Curta,7,4,2.24,6.94
Tarde,Publico,Alta,Muito curta,42,12,0.95,42.03
Noite,Frotas,Alta,Curta,46,12,2.48,46.38
Noite,Residencial,Media,Muito curta,20,2,0.73,19.77
Noite,Frotas,Media,Muito curta,22,16,1.59,21.73
Noite,Publico,Baixa,Muito curta,2,3,0.38,2.05
Noite,Comercial,Alta,Media,48,7,7.24,47.74
Tarde,Residencial,Alta,Curta,48,10,2.73,48.39
Manha,Frotas,Media,Muito curta,11,4,0.46,11.0
Manha,Residencial,Alta,Muito curta,36,16,0.47,36.21
Tarde,Residencial,Media,Muito curta,16,1,1.88,16.14
Manha,Residencial,Alta,Muito curta,55,12,1.29,55.4
Manha,Residencial,Alta,Curta,32,6,4.79,32.24
Manha,Comercial,Alta,Media,48,7,5.2,48.1
Manha,Residencial,Media,Curta,24,8,2.94,24.43
Tarde,Residencial,Baixa,Curta,4,3,3.37,4.45
Noite,Comercial,Alta,Muito curta,48,2,1.9,47.97
Madrugada,Residencial,Alta,Muito curta,37,2,0.98,37.18
Manha,Frotas,Alta,Muito curta,35,2,0.97,35.42
Tarde,Residencial,Alta,Muito curta,44,4,0.37,44.3
Manha,Residencial,Baixa,Curta,7,6,2.29,6.95
Tarde,Residencial,Media,Curta,21,3,3.25,21.29
Tarde,Frotas,Baixa,Media,6,11,8.62,5.8
Tarde,Residencial,Alta,Muito curta,36,3,1.69,36.25
Madrugada,Residencial,Media,Muito curta,12,10,1.46,11.81
Tarde,Frotas,Alta,Curta,41,13,3.34,41.14
Tarde,Residencial,Alta,Curta,40,3,4.9,40.5
Noite,Publico,Baixa,Muito curta,3,4,0.2,2.61
Madrugada,Residencial,Alta,Muito curta,50,11,1.9,50.14
Manha,Comercial,Baixa,Media,0,7,5.09,0.5
Madrugada,Comercial,Media,Longa,23,4,12.08,22.78
Tarde,Frotas,Alta,Longa,33,5,11.3,33.49
Tarde,Residencial,Alta,Muito curta,42,1,0.2,41.93
Tarde,Comercial,Alta,Muito curta,53,7,0.73,53.38
Noite,Comercial,Media,Muito curta,25,4,1.61,25.14
Madrugada,Comercial,Media,Media,15,13,8.08,14.6
Noite,Comercial,Alta,Media,42,2,9.4,42.41
Noite,Comercial,Alta,Muito curta,57,1,1.05,57.42
Manha,Residencial,Alta,Muito curta,46,7,1.02,46.09
Manha,Residencial,Media,Curta,25,6,2.9,24.95
Noite,Residencial,Media,Curta,26,12,4.1,25.85
Manha,Residencial,Alta,Muito curta,36,12,1.01,36.02
Manha,Comercial,Alta,Curta,33,11,2.29,33.35
Madrugada,Comercial,Media,Curta,16,12,2.25,16.22
Tarde,Comercial,Alta,Muito curta,52,1,0.93,51.54
Tarde,Publico,Alta,Curta,48,5,3.31,48.17
Tarde,Comercial,Media,Muito curta,22,2,1.3,21.89
Manha,Frotas,Alta,Muito curta,35,2,1.04,34.83
Tarde,Comercial,Alta,Muito curta,52,1,1.6,52.44
Madrugada,Comercial,Media,Longa,24,5,12.42,24.29
Noite,Frotas,Alta,Muito curta,48,4,0.2,47.66
Manha,Residencial,Media,Muito curta,19,3,0.47,19.45
Manha,Comercial,Alta,Curta,47,4,4.55,46.51
Noite,Comercial,Media,Curta,29,12,3.47,28.9
Tarde,Comercial,Alta,Curta,49,10,3.55,48.99
Manha,Comercial,Alta,Muito curta,36,6,0.62,36.04
Tarde,Publico,Alta,Muito curta,43,12,0.5,42.83
Noite,Comercial,Alta,Media,50,12,6.53,50.17
Madrugada,Comercial,Media,Longa,26,5,13.25,26.48
Manha,Residencial,Alta,Muito curta,58,4,1.59,57.99
Madrugada,Publico,Alta,Curta,30,13,3.53,30.45
Tarde,Residencial,Media,Muito curta,15,1,1.42,15.31
Manha,Comercial,Alta,Media,47,15,6.92,47.13
Manha,Residencial,Alta,Muito curta,38,14,0.2,37.92
Manha,Residencial,Alta,Curta,55,10,2.41,54.63
Madrugada,Residencial,Media,Curta,13,10,3.09,12.63
Madrugada,Comercial,Media,Media,11,12,6.95,10.64
Tarde,Residencial,Baixa,Muito curta,1,4,0.58,0.51
Manha,Residencial,Media,Muito curta,18,4,1.71,18.19
Manha,Comercial,Media,Media,17,8,6.33,17.42
Manha,Residencial,Media,Media,25,6,5.24,24.89
Tarde,Publico,Media,Muito curta,24,11,1.0,24.48
Madrugada,Residencial,Alta,Curta,32,11,2.87,32.23
Noite,Residencial,Baixa,Media,7,7,5.14,7.04
Madrugada,Comercial,Baixa,Muito curta,3,13,2.0,3.2
Tarde,Publico,Media,Curta,22,12,2.61,21.7
Manha,Frotas,Alta,Media,47,1,6.02,47.03
Manha,Comercial,Alta,Curta,42,1,2.11,42.34
Manha,Frotas,Media,Muito curta,12,3,0.6,12.11
Madrugada,Residencial,Media,Curta,21,5,3.09,21.23
Manha,Residencial,Media,Curta,30,7,2.84,29.5
Manha,Publico,Alta,Longa,56,7,13.43,56.26
Manha,Residencial,Media,Curta,18,5,2.3,18.19
Noite,Comercial,Baixa,Muito curta,3,3,0.34,2.94
Noite,Frotas,Media,Muito curta,25,7,1.0,25.3
Manha,Frotas,Alta,Muito curta,31,1,1.0,30.88
Manha,Frotas,Media,Muito curta,24,7,1.39,23.67
Tarde,Residencial,Alta,Muito curta,48,13,1.6,47.77
Manha,Comercial,Baixa,Media,4,6,6.88,4.15
Noite,Residencial,Alta,Muito curta,60,5,0.2,60.0
Noite,Comercial,Alta,Media,52,12,5.97,52.12
Madrugada,Residencial,Alta,Muito curta,56,10,0.89,56.04
Manha,Publico,Alta,Curta,50,16,3.75,49.99
Noite,Frotas,Alta,Curta,38,7,2.99,38.27
Manha,Publico,Baixa,Media,6,6,7.86,5.98
Tarde,Comercial,Media,Curta,14,5,4.96,14.19
Tarde,Residencial,Alta,Muito curta,49,10,0.57,49.32
Manha,Residencial,Media,Muito curta,17,7,1.54,16.61
Tarde,Residencial,Baixa,Curta,5,2,2.4,5.24
Manha,Frotas,Alta,Media,45,1,5.88,45.02
Madrugada,Comercial,Media,Curta,14,11,2.83,14.41
Tarde,Residencial,Baixa,Muito curta,6,6,0.73,5.68
Madrugada,Residencial,Alta,Muito curta,35,1,0.69,35.17
Madrugada,Residencial,Alta,Muito curta,50,5,1.14,50.26
Manha,Residencial,Alta,Muito curta,55,8,0.84,54.54
Tarde,Frotas,Baixa,Muito curta,8,15,1.27,7.84
Noite,Comercial,Alta,Media,48,5,6.8,47.67
Madrugada,Publico,Media,Muito curta,15,6,0.62,15.01
Madrugada,Residencial,Alta,Muito curta,46,8,0.2,46.3
Tarde,Frotas,Media,Muito curta,13,14,0.5,12.85
Manha,Comercial,Alta,Media,50,14,8.04,49.64
Madrugada,Residencial,Alta,Muito curta,49,5,0.46,48.67
Noite,Comercial,Media,Curta,25,9,2.43,25.31
Manha,Publico,Media,Curta,20,8,4.61,20.49
Tarde,Comercial,Alta,Curta,40,10,2.65,40.35
Tarde,Comercial,Media,Media,29,1,5.01,29.42
Noite,Publico,Alta,Curta,56,10,3.06,56.42
Noite,Comercial,Alta,Muito curta,48,3,1.98,48.19
Manha,Residencial,Media,Curta,29,2,3.36,28.98
Madrugada,Comercial,Media,Media,16,11,5.78,15.63
Manha,Publico,Media,Media,21,9,5.12,21.43
Manha,Residencial,Media,Curta,20,6,3.12,20.01
Madrugada,Comercial,Baixa,Curta,6,14,2.05,5.95
Manha,Frotas,Alta,Muito curta,36,1,0.62,35.85
Manha,Comercial,Alta,Muito curta,46,1,1.58,45.8
Noite,Frotas,Media,Muito curta,24,7,0.43,23.79
Manha,Residencial,Media,Muito curta,19,11,0.99,19.27
Noite,Comercial,Alta,Media,45,1,9.12,44.87
Manha,Comercial,Alta,Muito curta,36,11,0.41,36.01
Tarde,Frotas,Alta,Curta,42,12,2.67,41.95
Madrugada,Residencial,Alta,Muito curta,35,1,0.52,34.88
Madrugada,Residencial,Baixa,Muito curta,3,12,0.75,2.71
Madrugada,Comercial,Alta,Curta,53,1,4.04,52.68
Tarde,Comercial,Alta,Muito curta,51,2,1.95,50.56
Tarde,Publico,Media,Muito curta,13,2,1.6,12.53
Noite,Comercial,Alta,Media,42,2,8.9,42.48
Tarde,Publico,Alta,Curta,44,7,2.78,44.13
Madrugada,Residencial,Alta,Longa,60,2,10.77,59.63
Tarde,Comercial,Alta,Muito curta,52,10,1.51,52.3
Tarde,Residencial,Alta,Curta,43,11,2.13,42.96
Manha,Comercial,Media,Curta,10,6,3.29,10.47
Tarde,Frotas,Alta,Longa,31,1,11.76,30.59
Noite,Publico,Baixa,Muito curta,2,6,0.41,2.19
Tarde,Comercial,Media,Media,29,2,5.21,29.38
Madrugada,Publico,Alta,Muito curta,40,8,1.99,39.71
Tarde,Comercial,Alta,Media,41,6,6.52,40.74
Manha,Frotas,Alta,Muito curta,58,12,1.96,57.75
Tarde,Residencial,Media,Muito curta,23,11,0.5,22.75
Tarde,Publico,Media,Muito curta,24,9,0.2,24.36
Tarde,Residencial,Baixa,Muito curta,4,15,1.7,4.26
Manha,Residencial,Alta,Muito curta,49,5,1.13,48.78
Manha,Residencial,Alta,Muito curta,45,6,0.6,44.77
Tarde,Residencial,Media,Media,27,9,8.22,27.23
Manha,Residencial,Media,Curta,17,3,2.05,16.98
Madrugada,Residencial,Alta,Curta,50,13,2.26,50.18
Noite,Comercial,Alta,Media,38,6,6.95,37.99
Manha,Comercial,Alta,Media,49,8,5.95,48.73
Tarde,Comercial,Media,Curta,23,13,3.65,23.29
Tarde,Residencial,Media,Muito curta,22,1,1.68,21.5
Tarde,Publico,Baixa,Muito curta,0,6,1.12,0.5
Manha,Comercial,Alta,Muito curta,38,11,0.29,38.31
Noite,Frotas,Media,Longa,30,5,15.02,29.87
Tarde,Residencial,Baixa,Muito curta,9,14,1.21,9.3
Tarde,Comercial,Media,Curta,22,14,3.22,22.14
Tarde,Comercial,Alta,Muito curta,31,9,1.22,31.31
Tarde,Comercial,Alta,Muito curta,48,2,1.15,48.48
Manha,Comercial,Alta,Muito curta,35,12,1.94,35.38
Madrugada,Residencial,Alta,Curta,33,2,3.02,32.93
Madrugada,Comercial,Media,Curta,16,11,2.79,16.41
Madrugada,Residencial,Media,Muito curta,27,9,0.44,26.85
Manha,Frotas,Media,Muito curta,11,1,1.15,11.13
Madrugada,Publico,Alta,Muito curta,46,4,1.33,46.07
Manha,Comercial,Alta,Curta,58,1,3.04,58.41
Tarde,Residencial,Alta,Muito curta,55,4,1.47,55.06
Madrugada,Comercial,Media,Curta,13,10,2.65,13.11
Manha,Publico,Media,Curta,24,5,4.48,23.57
Noite,Comercial,Alta,Curta,48,5,2.14,48.36
Tarde,Comercial,Alta,Muito curta,35,8,0.34,35.4
Tarde,Comercial,Alta,Curta,40,9,2.29,39.71
Manha,Comercial,Media,Media,16,6,7.11,15.92
Madrugada,Comercial,Media,Media,28,1,5.98,28.27
Manha,Residencial,Media,Media,29,9,8.22,29.48
Manha,Residencial,Media,Media,29,11,8.5,29.41
Manha,Publico,Media,Longa,22,5,10.63,21.74
Tarde,Residencial,Baixa,Muito curta,6,7,0.2,5.51
Manha,Residencial,Media,Curta,27,8,3.14,26.99
Manha,Comercial,Alta,Media,48,15,6.47,48.31
Manha,Comercial,Alta,Curta,34,13,2.08,33.69
Manha,Residencial,Media,Muito curta,22,5,0.47,22.43
Madrugada,Publico,Media,Muito curta,14,5,0.63,13.65
Manha,Frotas,Media,Muito curta,10,2,1.17,10.13
Tarde,Publico,Baixa,Muito curta,1,7,1.34,0.91
Noite,Residencial,Alta,Media,60,1,5.96,60.0
Tarde,Residencial,Alta,Muito curta,48,11,1.06,48.42
Tarde,Residencial,Alta,Media,42,10,8.95,41.58
Manha,Comercial,Alta,Curta,36,12,2.03,35.67
Tarde,Publico,Alta,Curta,48,4,3.49,47.54
Tarde,Publico,Alta,Curta,47,7,3.51,47.0
Madrugada,Residencial,Alta,Muito curta,46,14,1.74,45.77
Madrugada,Residencial,Media,Muito curta,25,7,0.33,25.44
Tarde,Publico,Media,Curta,19,4,2.57,19.27
Madrugada,Residencial,Alta,Muito curta,31,7,0.2,31.03
Manha,Frotas,Media,Muito curta,16,5,0.2,15.92
Madrugada,Residencial,Media,Curta,15,7,2.99,15.42
Madrugada,Comercial,Media,Media,14,12,6.0,13.88
Noite,Frotas,Baixa,Muito curta,2,8,1.6,1.77
Manha,Publico,Alta,Longa,58,7,12.91,58.41
Noite,Residencial,Alta,Media,58,3,6.39,58.35
Manha,Frotas,Media,Muito curta,18,6,0.77,18.2
Tarde,Comercial,Alta,Muito curta,51,1,0.73,50.61
Madrugada,Comercial,Media,Media,15,14,8.8,14.95
Manha,Comercial,Alta,Muito curta,33,11,1.7,33.13
Tarde,Residencial,Media,Media,27,12,8.21,27.03
Noite,Frotas,Alta,Longa,30,1,16.0,30.27
Manha,Publico,Baixa,Media,5,7,5.1,4.56
Tarde,Residencial,Alta,Media,41,1,5.45,40.78
Noite,Frotas,Alta,Longa,31,5,15.77,31.1
Tarde,Comercial,Media,Curta,24,15,2.85,23.71
Tarde,Residencial,Alta,Curta,40,3,2.24,40.32
Noite,Comercial,Media,Muito curta,26,3,1.1,26.3
Manha,Residencial,Alta,Muito curta,57,2,1.12,57.18
Manha,Residencial,Media,Curta,28,5,3.76,28.3
Tarde,Residencial,Alta,Curta,44,12,3.06,43.54
Tarde,Residencial,Alta,Curta,42,8,2.08,41.85
Manha,Residencial,Alta,Muito curta,34,12,0.97,34.31
Noite,Comercial,Alta,Media,46,1,7.94,45.92
Manha,Residencial,Media,Curta,26,5,3.02,25.66
Madrugada,Residencial,Alta,Curta,47,15,3.03,47.17
Tarde,Comercial,Media,Media,14,7,5.48,13.82
Madrugada,Residencial,Media,Muito curta,29,8,0.77,28.58
Noite,Frotas,Alta,Curta,41,7,2.68,40.91
Manha,Publico,Baixa,Curta,7,5,4.43,6.85
Tarde,Residencial,Alta,Media,37,12,5.67,37.0
Noite,Residencial,Baixa,Muito curta,9,2,1.7,8.95
Manha,Frotas,Media,Muito curta,17,7,0.2,17.16
Madrugada,Publico,Media,Muito curta,11,5,0.71,11.39
Noite,Comercial,Alta,Media,46,1,9.67,46.5
Noite,Comercial,Baixa,Curta,5,14,2.74,5.44
Manha,Residencial,Baixa,Curta,0,8,3.16,0.5
Manha,Comercial,Alta,Curta,52,3,4.49,52.09
Tarde,Comercial,Media,Media,14,5,5.19,13.73
Manha,Publico,Media,Media,23,7,5.27,23.39
Madrugada,Comercial,Media,Media,14,11,5.86,13.95
Manha,Residencial,Media,Muito curta,24,1,0.2,23.93
Noite,Residencial,Alta,Media,60,1,6.69,60.0
Tarde,Residencial,Baixa,Muito curta,2,14,0.78,2.24
Manha,Frotas,Alta,Curta,58,14,2.3,58.32
Noite,Publico,Baixa,Muito curta,3,2,0.32,2.7
Noite,Frotas,Baixa,Muito curta,1,11,1.4,1.1
Madrugada,Publico,Alta,Curta,39,10,2.53,38.59
Manha,Residencial,Alta,Muito curta,48,3,1.9,47.87
Madrugada,Publico,Alta,Curta,54,7,2.91,54.18
Manha,Residencial,Media,Curta,17,6,2.29,17.41
Tarde,Residencial,Baixa,Muito curta,6,16,1.38,5.89
Manha,Frotas,Media,Muito curta,26,4,0.7,26.32
Manha,Comercial,Baixa,Media,4,9,5.68,4.12
Tarde,Residencial,Media,Muito curta,10,12,1.84,10.08
Madrugada,Comercial,Media,Media,14,13,8.61,13.68
Manha,Comercial,Media,Media,19,9,6.31,18.88
Manha,Publico,Media,Curta,22,10,2.46,22.44
Manha,Publico,Media,Longa,24,8,10.73,24.08
Manha,Residencial,Alta,Muito curta,59,4,0.91,58.83
Madrugada,Comercial,Media,Media,29,1,5.88,29.49
Manha,Residencial,Media,Curta,25,4,4.13,25.36
Tarde,Publico,Alta,Muito curta,43,16,0.27,43.08
Manha,Comercial,Alta,Muito curta,36,15,1.87,35.68
Noite,Comercial,Media,Curta,21,11,2.62,21.31
Manha,Frotas,Media,Muito curta,23,7,1.09,23.26
Noite,Frotas,Alta,Muito curta,42,13,1.6,42.16
Madrugada,Residencial,Alta,Muito curta,38,1,0.73,37.9
Noite,Publico,Alta,Curta,58,11,2.96,57.74
Manha,Comercial,Alta,Muito curta,39,9,0.43,39.19
Madrugada,Residencial,Baixa,Muito curta,4,12,1.38,4.01
Manha,Residencial,Media,Media,23,14,5.08,22.98
Madrugada,Residencial,Alta,Muito curta,54,8,0.2,54.44
Manha,Comercial,Alta,Media,46,10,5.7,46.44
Noite,Comercial,Alta,Media,48,10,5.77,48.05
Tarde,Residencial,Media,Muito curta,19,4,0.8,18.69
Madrugada,Residencial,Alta,Muito curta,47,6,0.79,47.29
Noite,Comercial,Alta,Media,49,12,5.32,48.68
Tarde,Residencial,Baixa,Muito curta,8,11,1.5,7.84
Manha,Frotas,Alta,Muito curta,32,1,0.71,31.97
Madrugada,Residencial,Alta,Longa,57,3,11.39,57.22
Noite,Comercial,Media,Media,26,8,6.49,25.85
Tarde,Comercial,Alta,Muito curta,47,1,1.82,47.08
Manha,Residencial,Alta,Muito curta,41,16,0.37,40.58
Tarde,Residencial,Baixa,Muito curta,3,3,0.64,2.54
Noite,Comercial,Baixa,Curta,8,4,3.09,8.25
Madrugada,Residencial,Baixa,Muito curta,3,9,1.71,3.39
Manha,Comercial,Alta,Media,58,11,5.68,57.89
Manha,Residencial,Media,Muito curta,22,2,0.2,21.63
Manha,Frotas,Media,Muito curta,16,3,1.47,16.22
Tarde,Comercial,Alta,Muito curta,52,9,0.31,51.6
Noite,Frotas,Baixa,Muito curta,5,11,1.94,5.48
Madrugada,Comercial,Media,Media,27,1,5.99,26.72
Madrugada,Comercial,Media,Curta,15,10,2.43,15.18
Manha,Residencial,Alta,Muito curta,53,5,0.39,52.85
Madrugada,Comercial,Baixa,Curta,6,16,2.57,6.06
Manha,Residencial,Alta,Muito curta,58,2,0.2,57.53
Noite,Frotas,Alta,Muito curta,45,12,1.56,44.86
Tarde,Publico,Baixa,Curta,4,1,2.22,3.76
Tarde,Publico,Media,Muito curta,17,3,0.37,16.75
Noite,Frotas,Alta,Curta,42,10,2.07,41.99
Madrugada,Comercial,Media,Longa,25,6,12.82,24.68
Noite,Publico,Baixa,Muito curta,0,6,0.2,0.5
Noite,Publico,Alta,Curta,57,11,3.66,57.44
Noite,Residencial,Media,Muito curta,17,2,0.28,16.87
Madrugada,Residencial,Baixa,Muito curta,7,10,1.92,6.71
Tarde,Residencial,Media,Muito curta,10,1,1.7,10.13
Manha,Residencial,Alta,Media,49,12,5.27,48.74
Tarde,Residencial,Alta,Muito curta,45,1,0.47,45.08
Madrugada,Residencial,Alta,Longa,56,5,11.35,55.96
Noite,Comercial,Media,Curta,11,4,2.88,11.16
Tarde,Comercial,Media,Muito curta,24,1,1.83,24.27
Tarde,Publico,Alta,Curta,49,3,3.09,49.0
Madrugada,Residencial,Alta,Muito curta,51,8,0.2,50.9
Manha,Comercial,Alta,Curta,56,2,3.91,55.77
Manha,Comercial,Alta,Curta,56,3,3.88,55.82
Madrugada,Comercial,Media,Media,14,13,6.08,14.01
Tarde,Comercial,Alta,Curta,55,8,2.84,54.96
Manha,Frotas,Media,Curta,25,6,2.04,24.97
Tarde,Comercial,Alta,Curta,32,3,4.58,32.09
Manha,Comercial,Alta,Muito curta,32,12,1.7,32.04
Tarde,Residencial,Alta,Curta,41,12,2.83,41.42
Manha,Residencial,Baixa,Curta,4,4,3.69,3.53
Manha,Frotas,Alta,Media,44,1,7.06,43.98
Tarde,Residencial,Alta,Media,40,11,5.08,39.6
Madrugada,Residencial,Alta,Muito curta,36,1,1.36,35.57
Manha,Residencial,Media,Curta,26,4,3.65,25.83
Tarde,Publico,Media,Muito curta,22,11,0.2,22.38
Noite,Comercial,Media,Curta,12,8,3.21,12.0
Tarde,Frotas,Alta,Curta,39,13,3.38,38.6
Madrugada,Comercial,Baixa,Curta,5,12,4.49,4.58
Tarde,Residencial,Alta,Muito curta,54,1,1.5,53.55
Tarde,Comercial,Alta,Muito curta,37,10,0.96,36.82
Madrugada,Comercial,Alta,Curta,53,1,3.82,53.12
Tarde,Publico,Alta,Muito curta,46,14,0.2,46.01
Tarde,Publico,Media,Muito curta,22,11,0.44,21.97
Manha,Publico,Baixa,Curta,6,8,5.0,5.78
Tarde,Residencial,Alta,Curta,39,11,4.84,38.65
Manha,Residencial,Alta,Curta,52,14,3.71,52.23
Tarde,Comercial,Media,Curta,21,1,2.04,20.79
Tarde,Residencial,Baixa,Muito curta,10,13,2.0,9.74
Noite,Frotas,Alta,Muito curta,44,10,1.67,43.87
Manha,Comercial,Media,Media,14,8,7.57,14.15
Tarde,Comercial,Alta,Curta,55,6,3.05,55.39
Tarde,Comercial,Alta,Muito curta,52,10,0.83,51.64
Manha,Comercial,Alta,Muito curta,36,13,0.29,36.41
Manha,Residencial,Alta,Curta,35,5,4.03,34.84
Tarde,Residencial,Alta,Curta,43,10,3.4,43.24
Manha,Residencial,Media,Muito curta,25,1,0.2,25.15
Noite,Comercial,Media,Curta,12,4,3.6,11.74
Noite,Frotas,Media,Muito curta,24,6,0.93,23.96
Noite,Residencial,Baixa,Media,6,12,8.58,6.41
Noite,Comercial,Baixa,Muito curta,3,16,1.63,2.77
Tarde,Residencial,Media,Media,30,8,8.91,29.57
Manha,Comercial,Alta,Curta,47,1,4.27,46.93
Manha,Frotas,Media,Muito curta,15,1,1.25,14.54
Manha,Residencial,Baixa,Curta,4,4,3.82,4.05
Manha,Frotas,Media,Muito curta,13,2,0.64,12.51
Tarde,Residencial,Alta,Curta,42,3,5.0,41.64
Manha,Residencial,Alta,Muito curta,46,7,0.2,45.65
Noite,Comercial,Media,Curta,27,12,3.07,26.69
Manha,Residencial,Alta,Muito curta,56,2,1.16,56.26
Manha,Residencial,Media,Curta,17,4,2.2,16.96
Tarde,Frotas,Baixa,Media,8,14,8.49,8.35
Noite,Residencial,Alta,Muito curta,60,3,1.28,60.0
Tarde,Residencial,Baixa,Muito curta,4,12,0.44,4.0
Madrugada,Residencial,Alta,Muito curta,56,8,0.53,56.11
Manha,Comercial,Alta,Curta,48,1,4.59,48.34
Madrugada,Residencial,Baixa,Muito curta,8,8,1.41,8.4
Manha,Frotas,Media,Muito curta,14,5,0.2,14.37
Madrugada,Publico,Media,Curta,11,3,2.52,10.53
Tarde,Publico,Baixa,Muito curta,4,1,1.54,3.8
Tarde,Residencial,Alta,Curta,48,9,3.11,48.13
Noite,Publico,Baixa,Muito curta,3,6,0.6,2.84
Madrugada,Comercial,Media,Curta,12,13,2.59,12.5
Madrugada,Residencial,Alta,Curta,47,15,2.49,46.95
Tarde,Residencial,Media,Muito curta,10,10,1.39,10.18
Madrugada,Residencial,Media,Curta,10,8,2.48,10.03
Noite,Frotas,Alta,Muito curta,44,11,1.93,44.06
Manha,Comercial,Alta,Muito curta,38,10,0.2,38.08
Madrugada,Residencial,Alta,Muito curta,39,1,1.15,39.19
Madrugada,Publico,Alta,Muito curta,45,5,1.61,44.74
Tarde,Publico,Alta,Muito curta,47,12,0.85,46.6
Manha,Publico,Alta,Longa,56,5,12.97,56.29
Noite,Residencial,Alta,Curta,49,8,2.71,49.22
Tarde,Residencial,Alta,Curta,50,12,2.56,49.65
Manha,Comercial,Alta,Curta,56,3,3.65,55.88
Tarde,Comercial,Media,Muito curta,20,1,1.45,20.49
Noite,Residencial,Media,Curta,24,9,3.67,24.37
Tarde,Residencial,Baixa,Muito curta,3,16,1.38,3.24
Manha,Comercial,Media,Media,20,6,5.94,20.21
Manha,Publico,Media,Curta,23,4,4.77,23.25
Manha,Residencial,Media,Curta,26,13,4.46,26.5
Madrugada,Publico,Alta,Curta,56,6,2.25,56.14
Tarde,Residencial,Alta,Media,36,11,8.63,35.94
Manha,Residencial,Media,Muito curta,23,4,0.64,23.08
Noite,Residencial,Alta,Muito curta,52,8,1.66,52.01
Noite,Frotas,Alta,Curta,37,7,2.56,37.2
Tarde,Publico,Baixa,Muito curta,6,1,1.66,5.57
Manha,Residencial,Alta,Curta,32,2,4.68,31.95
Madrugada,Publico,Alta,Curta,33,9,3.53,33.11
Tarde,Publico,Media,Muito curta,16,5,0.74,16.19
Manha,Comercial,Alta,Muito curta,48,1,1.27,48.39
Manha,Residencial,Alta,Muito curta,53,1,0.54,53.33
Madrugada,Residencial,Media,Curta,12,7,2.91,11.56
Tarde,Residencial,Alta,Media,39,10,8.04,38.9
Madrugada,Comercial,Media,Media,15,12,7.9,15.25
Tarde,Publico,Media,Curta,23,15,3.05,23.01
Manha,Residencial,Media,Curta,30,8,4.96,29.62
Tarde,Publico,Baixa,Muito curta,2,10,0.74,2.1
Noite,Comercial,Media,Muito curta,26,4,1.66,26.22
Manha,Comercial,Alta,Media,46,14,6.79,45.68
Madrugada,Residencial,Media,Curta,26,6,3.33,25.99
Madrugada,Publico,Alta,Curta,43,9,2.56,42.99
Tarde,Residencial,Alta,Curta,42,12,2.78,42.44
Madrugada,Comercial,Alta,Curta,51,2,2.99,51.05
Madrugada,Publico,Alta,Curta,55,6,3.01,55.33
Noite,Comercial,Alta,Muito curta,57,1,0.78,57.08
Tarde,Residencial,Alta,Curta,45,12,2.7,45.21
Tarde,Comercial,Alta,Curta,55,7,3.02,55.31
Manha,Publico,Media,Curta,23,8,3.9,23.04
Tarde,Residencial,Alta,Media,41,12,9.33,41.44
Manha,Frotas,Media,Muito curta,23,7,1.63,23.28
Madrugada,Comercial,Media,Longa,26,5,13.35,25.72
Manha,Residencial,Baixa,Curta,1,6,3.26,0.52
Noite,Comercial,Alta,Media,48,8,7.07,48.37
Madrugada,Residencial,Alta,Curta,36,12,3.32,35.51
Noite,Frotas,Media,Muito curta,29,3,1.09,28.55
Tarde,Frotas,Baixa,Media,6,13,8.67,5.75
Tarde,Residencial,Alta,Curta,45,11,2.49,44.74
Noite,Comercial,Baixa,Muito curta,0,3,0.53,0.5
Tarde,Comercial,Alta,Media,40,6,7.23,39.67
Tarde,Publico,Baixa,Curta,5,1,2.22,5.29
Noite,Residencial,Alta,Media,60,3,6.52,60.0
Tarde,Frotas,Media,Muito curta,11,14,1.08,11.21
Noite,Residencial,Alta,Muito curta,60,5,0.67,60.0
Noite,Comercial,Alta,Media,34,6,7.94,34.19
Tarde,Residencial,Alta,Curta,35,3,2.67,35.45
Noite,Comercial,Alta,Muito curta,31,2,1.26,30.69
Madrugada,Residencial,Media,Curta,12,10,2.98,11.95
Tarde,Residencial,Alta,Media,48,12,6.89,47.84
Manha,Residencial,Baixa,Muito curta,7,5,1.56,6.86
Noite,Residencial,Baixa,Media,7,9,5.53,7.43
Tarde,Frotas,Alta,Curta,42,13,3.49,42.43
Madrugada,Comercial,Media,Media,14,14,8.12,13.66
Tarde,Comercial,Alta,Muito curta,46,6,1.82,45.76
Manha,Publico,Media,Media,22,6,5.83,22.29
Madrugada,Publico,Media,Muito curta,18,6,0.94,18.39
Tarde,Residencial,Alta,Muito curta,42,4,0.3,42.36
Manha,Frotas,Media,Muito curta,12,1,0.33,12.25
Manha,Residencial,Alta,Muito curta,38,14,0.41,38.3
Madrugada,Publico,Alta,Curta,35,12,3.46,35.23
Noite,Frotas,Baixa,Curta,8,5,2.02,8.44
Manha,Residencial,Alta,Media,31,11,8.69,30.6
Tarde,Residencial,Alta,Media,37,10,8.29,37.17
Manha,Comercial,Alta,Curta,37,15,2.27,37.23
Manha,Publico,Media,Longa,24,5,10.2,23.71
Noite,Comercial,Alta,Media,43,1,9.39,42.91
Tarde,Publico,Alta,Muito curta,42,14,0.2,41.62
Noite,Frotas,Baixa,Curta,8,6,4.02,7.72
